item_name,grade,zone,unit,current_stock
가물레피시스(유리호프스),10cm,서울,개,0
가물레피시스(유리호프스),10cm,10동,개,0
가물레피시스(유리호프스),10cm,자스민,개,0
가물레피시스(유리호프스),10cm,9연동,개,0
가물레피시스(유리호프스),10cm,곤지암,개,0
가물레피시스(유리호프스),10cm,대관령,개,0
가물레피시스(유리호프스),10cm,평창,개,0
가물레피시스(유리호프스),18cm,서울,개,36
가물레피시스(유리호프스),18cm,10동,개,0
가물레피시스(유리호프스),18cm,자스민,개,0
가물레피시스(유리호프스),18cm,9연동,개,190
가물레피시스(유리호프스),18cm,곤지암,개,0
가물레피시스(유리호프스),18cm,대관령,개,0
가물레피시스(유리호프스),18cm,평창,개,0
가물레피시스(유리호프스),24cm,서울,개,24
가물레피시스(유리호프스),24cm,10동,개,0
가물레피시스(유리호프스),24cm,자스민,개,0
가물레피시스(유리호프스),24cm,9연동,개,55
가물레피시스(유리호프스),24cm,곤지암,개,0
가물레피시스(유리호프스),24cm,대관령,개,0
가물레피시스(유리호프스),24cm,평창,개,0
가물레피시스(유리호프스),30cm,서울,개,0
가물레피시스(유리호프스),30cm,10동,개,0
가물레피시스(유리호프스),30cm,자스민,개,0
가물레피시스(유리호프스),30cm,9연동,개,0
가물레피시스(유리호프스),30cm,곤지암,개,0
가물레피시스(유리호프스),30cm,대관령,개,0
가물레피시스(유리호프스),30cm,평창,개,0
가물레피시스(유리호프스),특대,서울,개,0
가물레피시스(유리호프스),특대,10동,개,0
가물레피시스(유리호프스),특대,자스민,개,0
가물레피시스(유리호프스),특대,9연동,개,0
가물레피시스(유리호프스),특대,곤지암,개,0
가물레피시스(유리호프스),특대,대관령,개,0
가물레피시스(유리호프스),특대,평창,개,0
골든레몬타임,10cm,서울,개,0
골든레몬타임,10cm,10동,개,0
골든레몬타임,10cm,자스민,개,0
골든레몬타임,10cm,9연동,개,0
골든레몬타임,10cm,곤지암,개,0
골든레몬타임,10cm,대관령,개,0
골든레몬타임,10cm,평창,개,0
골든레몬타임,18cm,서울,개,0
골든레몬타임,18cm,10동,개,0
골든레몬타임,18cm,자스민,개,0
골든레몬타임,18cm,9연동,개,0
골든레몬타임,18cm,곤지암,개,0
골든레몬타임,18cm,대관령,개,0
골든레몬타임,18cm,평창,개,0
그레이트멀레인,10cm,서울,개,0
그레이트멀레인,10cm,10동,개,0
그레이트멀레인,10cm,자스민,개,0
그레이트멀레인,10cm,9연동,개,0
그레이트멀레인,10cm,곤지암,개,0
그레이트멀레인,10cm,대관령,개,0
그레이트멀레인,10cm,평창,개,0
금어초,10cm,서울,개,0
금어초,10cm,10동,개,0
금어초,10cm,자스민,개,0
금어초,10cm,9연동,개,0
금어초,10cm,곤지암,개,0
금어초,10cm,대관령,개,0
금어초,10cm,평창,개,0
금어초,18cm,서울,개,0
금어초,18cm,10동,개,0
금어초,18cm,자스민,개,0
금어초,18cm,9연동,개,0
금어초,18cm,곤지암,개,0
금어초,18cm,대관령,개,0
금어초,18cm,평창,개,0
금잔화,10cm,서울,개,680
금잔화,10cm,10동,개,0
금잔화,10cm,자스민,개,0
금잔화,10cm,9연동,개,0
금잔화,10cm,곤지암,개,0
금잔화,10cm,대관령,개,0
금잔화,10cm,평창,개,0
금잔화(포트메리골드),10cm,서울,개,0
금잔화(포트메리골드),10cm,10동,개,0
금잔화(포트메리골드),10cm,자스민,개,0
금잔화(포트메리골드),10cm,9연동,개,0
금잔화(포트메리골드),10cm,곤지암,개,0
금잔화(포트메리골드),10cm,대관령,개,0
금잔화(포트메리골드),10cm,평창,개,0
금잔화(포트메리골드),24cm,서울,개,0
금잔화(포트메리골드),24cm,10동,개,0
금잔화(포트메리골드),24cm,자스민,개,0
금잔화(포트메리골드),24cm,9연동,개,0
금잔화(포트메리골드),24cm,곤지암,개,0
금잔화(포트메리골드),24cm,대관령,개,0
금잔화(포트메리골드),24cm,평창,개,0
금잔화(포트메리골드),30cm,서울,개,0
금잔화(포트메리골드),30cm,10동,개,0
금잔화(포트메리골드),30cm,자스민,개,0
금잔화(포트메리골드),30cm,9연동,개,0
금잔화(포트메리골드),30cm,곤지암,개,0
금잔화(포트메리골드),30cm,대관령,개,0
금잔화(포트메리골드),30cm,평창,개,0
나스터튬,10cm,서울,개,80
나스터튬,10cm,10동,개,0
나스터튬,10cm,자스민,개,0
나스터튬,10cm,9연동,개,0
나스터튬,10cm,곤지암,개,0
나스터튬,10cm,대관령,개,0
나스터튬,10cm,평창,개,0
나스터튬,18cm,서울,개,699
나스터튬,18cm,10동,개,0
나스터튬,18cm,자스민,개,0
나스터튬,18cm,9연동,개,0
나스터튬,18cm,곤지암,개,0
나스터튬,18cm,대관령,개,0
나스터튬,18cm,평창,개,0
넷틀,10cm,서울,개,0
넷틀,10cm,10동,개,0
넷틀,10cm,자스민,개,0
넷틀,10cm,9연동,개,0
넷틀,10cm,곤지암,개,0
넷틀,10cm,대관령,개,0
넷틀,10cm,평창,개,0
노랑꽃자스민,10cm,서울,개,0
노랑꽃자스민,10cm,10동,개,0
노랑꽃자스민,10cm,자스민,개,0
노랑꽃자스민,10cm,9연동,개,0
노랑꽃자스민,10cm,곤지암,개,0
노랑꽃자스민,10cm,대관령,개,0
노랑꽃자스민,10cm,평창,개,0
노랑꽃자스민,30cm,서울,개,2
노랑꽃자스민,30cm,10동,개,0
노랑꽃자스민,30cm,자스민,개,0
노랑꽃자스민,30cm,9연동,개,0
노랑꽃자스민,30cm,곤지암,개,0
노랑꽃자스민,30cm,대관령,개,0
노랑꽃자스민,30cm,평창,개,0
니겔라,10cm,서울,개,0
니겔라,10cm,10동,개,0
니겔라,10cm,자스민,개,0
니겔라,10cm,9연동,개,0
니겔라,10cm,곤지암,개,0
니겔라,10cm,대관령,개,0
니겔라,10cm,평창,개,0
니겔라,24cm,서울,개,0
니겔라,24cm,10동,개,0
니겔라,24cm,자스민,개,0
니겔라,24cm,9연동,개,0
니겔라,24cm,곤지암,개,0
니겔라,24cm,대관령,개,0
니겔라,24cm,평창,개,0
다이어즈캐모마일,10cm,서울,개,60
다이어즈캐모마일,10cm,10동,개,0
다이어즈캐모마일,10cm,자스민,개,0
다이어즈캐모마일,10cm,9연동,개,0
다이어즈캐모마일,10cm,곤지암,개,0
다이어즈캐모마일,10cm,대관령,개,0
다이어즈캐모마일,10cm,평창,개,0
다크오팔바질,10cm,서울,개,0
다크오팔바질,10cm,10동,개,0
다크오팔바질,10cm,자스민,개,0
다크오팔바질,10cm,9연동,개,0
다크오팔바질,10cm,곤지암,개,0
다크오팔바질,10cm,대관령,개,0
다크오팔바질,10cm,평창,개,0
딜,10cm,서울,개,901
딜,10cm,10동,개,0
딜,10cm,자스민,개,0
딜,10cm,9연동,개,0
딜,10cm,곤지암,개,0
딜,10cm,대관령,개,0
딜,10cm,평창,개,0
딜,15cm,서울,개,0
딜,15cm,10동,개,0
딜,15cm,자스민,개,0
딜,15cm,9연동,개,0
딜,15cm,곤지암,개,0
딜,15cm,대관령,개,0
딜,15cm,평창,개,0
램즈이어,10cm,서울,개,288
램즈이어,10cm,10동,개,0
램즈이어,10cm,자스민,개,0
램즈이어,10cm,9연동,개,0
램즈이어,10cm,곤지암,개,0
램즈이어,10cm,대관령,개,0
램즈이어,10cm,평창,개,0
램즈이어,18cm,서울,개,463
램즈이어,18cm,10동,개,0
램즈이어,18cm,자스민,개,0
램즈이어,18cm,9연동,개,0
램즈이어,18cm,곤지암,개,0
램즈이어,18cm,대관령,개,0
램즈이어,18cm,평창,개,0
러시안세이지,10cm,서울,개,107
러시안세이지,10cm,10동,개,0
러시안세이지,10cm,자스민,개,0
러시안세이지,10cm,9연동,개,0
러시안세이지,10cm,곤지암,개,0
러시안세이지,10cm,대관령,개,0
러시안세이지,10cm,평창,개,0
러시안세이지,15cm,서울,개,20
러시안세이지,15cm,10동,개,0
러시안세이지,15cm,자스민,개,0
러시안세이지,15cm,9연동,개,0
러시안세이지,15cm,곤지암,개,9
러시안세이지,15cm,대관령,개,0
러시안세이지,15cm,평창,개,0
러시안세이지,18cm,서울,개,908
러시안세이지,18cm,10동,개,0
러시안세이지,18cm,자스민,개,0
러시안세이지,18cm,9연동,개,0
러시안세이지,18cm,곤지암,개,0
러시안세이지,18cm,대관령,개,0
러시안세이지,18cm,평창,개,0
레드야로우,10cm,서울,개,261
레드야로우,10cm,10동,개,0
레드야로우,10cm,자스민,개,0
레드야로우,10cm,9연동,개,0
레드야로우,10cm,곤지암,개,0
레드야로우,10cm,대관령,개,0
레드야로우,10cm,평창,개,0
레몬그라스,10cm,서울,개,0
레몬그라스,10cm,10동,개,0
레몬그라스,10cm,자스민,개,0
레몬그라스,10cm,9연동,개,0
레몬그라스,10cm,곤지암,개,0
레몬그라스,10cm,대관령,개,0
레몬그라스,10cm,평창,개,0
레몬그라스,18cm,서울,개,9
레몬그라스,18cm,10동,개,0
레몬그라스,18cm,자스민,개,0
레몬그라스,18cm,9연동,개,0
레몬그라스,18cm,곤지암,개,0
레몬그라스,18cm,대관령,개,0
레몬그라스,18cm,평창,개,0
레몬밤,10cm,서울,개,940
레몬밤,10cm,10동,개,0
레몬밤,10cm,자스민,개,0
레몬밤,10cm,9연동,개,0
레몬밤,10cm,곤지암,개,0
레몬밤,10cm,대관령,개,0
레몬밤,10cm,평창,개,0
레몬밤,18cm,서울,개,240
레몬밤,18cm,10동,개,0
레몬밤,18cm,자스민,개,0
레몬밤,18cm,9연동,개,0
레몬밤,18cm,곤지암,개,0
레몬밤,18cm,대관령,개,0
레몬밤,18cm,평창,개,0
레몬버베나,10cm,서울,개,0
레몬버베나,10cm,10동,개,0
레몬버베나,10cm,자스민,개,0
레몬버베나,10cm,9연동,개,646
레몬버베나,10cm,곤지암,개,0
레몬버베나,10cm,대관령,개,0
레몬버베나,10cm,평창,개,0
레몬버베나,18cm,서울,개,11
레몬버베나,18cm,10동,개,0
레몬버베나,18cm,자스민,개,0
레몬버베나,18cm,9연동,개,831
레몬버베나,18cm,곤지암,개,0
레몬버베나,18cm,대관령,개,0
레몬버베나,18cm,평창,개,0
레몬버베나,24cm,서울,개,13
레몬버베나,24cm,10동,개,0
레몬버베나,24cm,자스민,개,0
레몬버베나,24cm,9연동,개,90
레몬버베나,24cm,곤지암,개,0
레몬버베나,24cm,대관령,개,0
레몬버베나,24cm,평창,개,0
레몬버베나,30cm,서울,개,12
레몬버베나,30cm,10동,개,0
레몬버베나,30cm,자스민,개,0
레몬버베나,30cm,9연동,개,7
레몬버베나,30cm,곤지암,개,0
레몬버베나,30cm,대관령,개,0
레몬버베나,30cm,평창,개,0
레몬유칼리,10cm,서울,개,100
레몬유칼리,10cm,10동,개,0
레몬유칼리,10cm,자스민,개,0
레몬유칼리,10cm,9연동,개,0
레몬유칼리,10cm,곤지암,개,0
레몬유칼리,10cm,대관령,개,0
레몬유칼리,10cm,평창,개,0
레몬유칼리,18cm,서울,개,49
레몬유칼리,18cm,10동,개,0
레몬유칼리,18cm,자스민,개,0
레몬유칼리,18cm,9연동,개,0
레몬유칼리,18cm,곤지암,개,0
레몬유칼리,18cm,대관령,개,0
레몬유칼리,18cm,평창,개,0
레몬유칼리,24cm,서울,개,26
레몬유칼리,24cm,10동,개,0
레몬유칼리,24cm,자스민,개,0
레몬유칼리,24cm,9연동,개,0
레몬유칼리,24cm,곤지암,개,0
레몬유칼리,24cm,대관령,개,0
레몬유칼리,24cm,평창,개,0
레몬유칼리,30cm,서울,개,6
레몬유칼리,30cm,10동,개,0
레몬유칼리,30cm,자스민,개,0
레몬유칼리,30cm,9연동,개,0
레몬유칼리,30cm,곤지암,개,0
레몬유칼리,30cm,대관령,개,0
레몬유칼리,30cm,평창,개,0
레몬유칼리,특대,서울,개,1
레몬유칼리,특대,10동,개,0
레몬유칼리,특대,자스민,개,0
레몬유칼리,특대,9연동,개,0
레몬유칼리,특대,곤지암,개,0
레몬유칼리,특대,대관령,개,0
레몬유칼리,특대,평창,개,0
레몬제라늄,18cm,서울,개,14
레몬제라늄,18cm,10동,개,0
레몬제라늄,18cm,자스민,개,0
레몬제라늄,18cm,9연동,개,382
레몬제라늄,18cm,곤지암,개,0
레몬제라늄,18cm,대관령,개,0
레몬제라늄,18cm,평창,개,0
레몬제라늄,24cm,서울,개,86
레몬제라늄,24cm,10동,개,0
레몬제라늄,24cm,자스민,개,0
레몬제라늄,24cm,9연동,개,6
레몬제라늄,24cm,곤지암,개,0
레몬제라늄,24cm,대관령,개,0
레몬제라늄,24cm,평창,개,0
레몬제라늄,30cm,서울,개,4
레몬제라늄,30cm,10동,개,0
레몬제라늄,30cm,자스민,개,0
레몬제라늄,30cm,9연동,개,13
레몬제라늄,30cm,곤지암,개,0
레몬제라늄,30cm,대관령,개,0
레몬제라늄,30cm,평창,개,0
레몬타임,10cm,서울,개,247
레몬타임,10cm,10동,개,0
레몬타임,10cm,자스민,개,0
레몬타임,10cm,9연동,개,0
레몬타임,10cm,곤지암,개,0
레몬타임,10cm,대관령,개,0
레몬타임,10cm,평창,개,0
레몬타임,18cm,서울,개,125
레몬타임,18cm,10동,개,0
레몬타임,18cm,자스민,개,0
레몬타임,18cm,9연동,개,0
레몬타임,18cm,곤지암,개,0
레몬타임,18cm,대관령,개,0
레몬타임,18cm,평창,개,0
레이디스맨틀,10cm,서울,개,0
레이디스맨틀,10cm,10동,개,0
레이디스맨틀,10cm,자스민,개,0
레이디스맨틀,10cm,9연동,개,0
레이디스맨틀,10cm,곤지암,개,0
레이디스맨틀,10cm,대관령,개,0
레이디스맨틀,10cm,평창,개,0
로먼캐모마일,10cm,서울,개,937
로먼캐모마일,10cm,10동,개,0
로먼캐모마일,10cm,자스민,개,0
로먼캐모마일,10cm,9연동,개,0
로먼캐모마일,10cm,곤지암,개,0
로먼캐모마일,10cm,대관령,개,0
로먼캐모마일,10cm,평창,개,0
로즈마리,10cm,서울,개,11649
로즈마리,10cm,10동,개,0
로즈마리,10cm,자스민,개,0
로즈마리,10cm,9연동,개,800
로즈마리,10cm,곤지암,개,30
로즈마리,10cm,대관령,개,0
로즈마리,10cm,평창,개,0
로즈마리,15cm,서울,개,0
로즈마리,15cm,10동,개,0
로즈마리,15cm,자스민,개,0
로즈마리,15cm,9연동,개,0
로즈마리,15cm,곤지암,개,0
로즈마리,15cm,대관령,개,0
로즈마리,15cm,평창,개,0
로즈마리,18cm,서울,개,573
로즈마리,18cm,10동,개,0
로즈마리,18cm,자스민,개,0
로즈마리,18cm,9연동,개,0
로즈마리,18cm,곤지암,개,5750
로즈마리,18cm,대관령,개,0
로즈마리,18cm,평창,개,0
로즈마리,24cm,서울,개,2147
로즈마리,24cm,10동,개,0
로즈마리,24cm,자스민,개,0
로즈마리,24cm,9연동,개,0
로즈마리,24cm,곤지암,개,4484
로즈마리,24cm,대관령,개,0
로즈마리,24cm,평창,개,0
로즈마리,30cm,서울,개,20
로즈마리,30cm,10동,개,0
로즈마리,30cm,자스민,개,0
로즈마리,30cm,9연동,개,0
로즈마리,30cm,곤지암,개,359
로즈마리,30cm,대관령,개,0
로즈마리,30cm,평창,개,0
로즈마리,특대,서울,개,4
로즈마리,특대,10동,개,0
로즈마리,특대,자스민,개,0
로즈마리,특대,9연동,개,0
로즈마리,특대,곤지암,개,6
로즈마리,특대,대관령,개,0
로즈마리,특대,평창,개,0
로즈마리외대,15cm,서울,개,0
로즈마리외대,15cm,10동,개,0
로즈마리외대,15cm,자스민,개,0
로즈마리외대,15cm,9연동,개,0
로즈마리외대,15cm,곤지암,개,0
로즈마리외대,15cm,대관령,개,0
로즈마리외대,15cm,평창,개,0
로즈마리외대,18cm,서울,개,127
로즈마리외대,18cm,10동,개,0
로즈마리외대,18cm,자스민,개,0
로즈마리외대,18cm,9연동,개,0
로즈마리외대,18cm,곤지암,개,0
로즈마리외대,18cm,대관령,개,0
로즈마리외대,18cm,평창,개,0
로즈마리외대,24cm,서울,개,29
로즈마리외대,24cm,10동,개,0
로즈마리외대,24cm,자스민,개,0
로즈마리외대,24cm,9연동,개,0
로즈마리외대,24cm,곤지암,개,301
로즈마리외대,24cm,대관령,개,0
로즈마리외대,24cm,평창,개,0
로즈마리외대,30cm,서울,개,4
로즈마리외대,30cm,10동,개,0
로즈마리외대,30cm,자스민,개,0
로즈마리외대,30cm,9연동,개,0
로즈마리외대,30cm,곤지암,개,0
로즈마리외대,30cm,대관령,개,0
로즈마리외대,30cm,평창,개,0
로즈제라늄,10cm,서울,개,0
로즈제라늄,10cm,10동,개,0
로즈제라늄,10cm,자스민,개,0
로즈제라늄,10cm,9연동,개,0
로즈제라늄,10cm,곤지암,개,0
로즈제라늄,10cm,대관령,개,0
로즈제라늄,10cm,평창,개,0
로즈제라늄,15cm,서울,개,0
로즈제라늄,15cm,10동,개,0
로즈제라늄,15cm,자스민,개,0
로즈제라늄,15cm,9연동,개,0
로즈제라늄,15cm,곤지암,개,0
로즈제라늄,15cm,대관령,개,0
로즈제라늄,15cm,평창,개,0
로즈제라늄,18cm,서울,개,36
로즈제라늄,18cm,10동,개,0
로즈제라늄,18cm,자스민,개,0
로즈제라늄,18cm,9연동,개,71
로즈제라늄,18cm,곤지암,개,0
로즈제라늄,18cm,대관령,개,0
로즈제라늄,18cm,평창,개,0
로즈제라늄,24cm,서울,개,28
로즈제라늄,24cm,10동,개,0
로즈제라늄,24cm,자스민,개,0
로즈제라늄,24cm,9연동,개,-1
로즈제라늄,24cm,곤지암,개,0
로즈제라늄,24cm,대관령,개,0
로즈제라늄,24cm,평창,개,0
로즈제라늄,30cm,서울,개,5
로즈제라늄,30cm,10동,개,0
로즈제라늄,30cm,자스민,개,0
로즈제라늄,30cm,9연동,개,12
로즈제라늄,30cm,곤지암,개,0
로즈제라늄,30cm,대관령,개,0
로즈제라늄,30cm,평창,개,0
로지 로즈마리,10cm,서울,개,140
로지 로즈마리,10cm,10동,개,0
로지 로즈마리,10cm,자스민,개,0
로지 로즈마리,10cm,9연동,개,0
로지 로즈마리,10cm,곤지암,개,0
로지 로즈마리,10cm,대관령,개,0
로지 로즈마리,10cm,평창,개,0
로케트(루꼴라),10cm,서울,개,140
로케트(루꼴라),10cm,10동,개,0
로케트(루꼴라),10cm,자스민,개,0
로케트(루꼴라),10cm,9연동,개,0
로케트(루꼴라),10cm,곤지암,개,0
로케트(루꼴라),10cm,대관령,개,0
로케트(루꼴라),10cm,평창,개,0
루,10cm,서울,개,50
루,10cm,10동,개,0
루,10cm,자스민,개,0
루,10cm,9연동,개,0
루,10cm,곤지암,개,0
루,10cm,대관령,개,0
루,10cm,평창,개,0
루빈바질,10cm,서울,개,0
루빈바질,10cm,10동,개,0
루빈바질,10cm,자스민,개,0
루빈바질,10cm,9연동,개,0
루빈바질,10cm,곤지암,개,0
루빈바질,10cm,대관령,개,0
루빈바질,10cm,평창,개,0
루피너스,10cm,서울,개,20
루피너스,10cm,10동,개,0
루피너스,10cm,자스민,개,0
루피너스,10cm,9연동,개,0
루피너스,10cm,곤지암,개,0
루피너스,10cm,대관령,개,0
루피너스,10cm,평창,개,0
리틀잎핑크세이지,10cm,서울,개,0
리틀잎핑크세이지,10cm,10동,개,0
리틀잎핑크세이지,10cm,자스민,개,0
리틀잎핑크세이지,10cm,9연동,개,0
리틀잎핑크세이지,10cm,곤지암,개,0
리틀잎핑크세이지,10cm,대관령,개,0
리틀잎핑크세이지,10cm,평창,개,0
리틀잎핑크세이지,18cm,서울,개,187
리틀잎핑크세이지,18cm,10동,개,447
리틀잎핑크세이지,18cm,자스민,개,0
리틀잎핑크세이지,18cm,9연동,개,0
리틀잎핑크세이지,18cm,곤지암,개,0
리틀잎핑크세이지,18cm,대관령,개,0
리틀잎핑크세이지,18cm,평창,개,0
리틀잎핑크세이지,24cm,서울,개,45
리틀잎핑크세이지,24cm,10동,개,257
리틀잎핑크세이지,24cm,자스민,개,0
리틀잎핑크세이지,24cm,9연동,개,0
리틀잎핑크세이지,24cm,곤지암,개,0
리틀잎핑크세이지,24cm,대관령,개,0
리틀잎핑크세이지,24cm,평창,개,0
리틀잎핑크세이지,30cm,서울,개,0
리틀잎핑크세이지,30cm,10동,개,34
리틀잎핑크세이지,30cm,자스민,개,0
리틀잎핑크세이지,30cm,9연동,개,0
리틀잎핑크세이지,30cm,곤지암,개,0
리틀잎핑크세이지,30cm,대관령,개,0
리틀잎핑크세이지,30cm,평창,개,0
마삭줄,18cm,서울,개,0
마삭줄,18cm,10동,개,0
마삭줄,18cm,자스민,개,0
마삭줄,18cm,9연동,개,88
마삭줄,18cm,곤지암,개,0
마삭줄,18cm,대관령,개,0
마삭줄,18cm,평창,개,0
마삭줄,24cm,서울,개,0
마삭줄,24cm,10동,개,0
마삭줄,24cm,자스민,개,0
마삭줄,24cm,9연동,개,16
마삭줄,24cm,곤지암,개,0
마삭줄,24cm,대관령,개,0
마삭줄,24cm,평창,개,0
마삭줄,30cm,서울,개,0
마삭줄,30cm,10동,개,0
마삭줄,30cm,자스민,개,0
마삭줄,30cm,9연동,개,2
마삭줄,30cm,곤지암,개,0
마삭줄,30cm,대관령,개,0
마삭줄,30cm,평창,개,0
마조람,10cm,서울,개,100
마조람,10cm,10동,개,0
마조람,10cm,자스민,개,0
마조람,10cm,9연동,개,0
마조람,10cm,곤지암,개,0
마조람,10cm,대관령,개,0
마조람,10cm,평창,개,0
마편초,10cm,서울,개,280
마편초,10cm,10동,개,0
마편초,10cm,자스민,개,0
마편초,10cm,9연동,개,0
마편초,10cm,곤지암,개,0
마편초,10cm,대관령,개,0
마편초,10cm,평창,개,0
마편초,18cm,서울,개,380
마편초,18cm,10동,개,0
마편초,18cm,자스민,개,0
마편초,18cm,9연동,개,0
마편초,18cm,곤지암,개,0
마편초,18cm,대관령,개,0
마편초,18cm,평창,개,0
메리골드슈퍼보이옐로우,10cm,서울,개,0
메리골드슈퍼보이옐로우,10cm,10동,개,0
메리골드슈퍼보이옐로우,10cm,자스민,개,0
메리골드슈퍼보이옐로우,10cm,9연동,개,0
메리골드슈퍼보이옐로우,10cm,곤지암,개,0
메리골드슈퍼보이옐로우,10cm,대관령,개,0
메리골드슈퍼보이옐로우,10cm,평창,개,0
메리골드슈퍼보이오렌지,10cm,서울,개,0
메리골드슈퍼보이오렌지,10cm,10동,개,0
메리골드슈퍼보이오렌지,10cm,자스민,개,0
메리골드슈퍼보이오렌지,10cm,9연동,개,0
메리골드슈퍼보이오렌지,10cm,곤지암,개,0
메리골드슈퍼보이오렌지,10cm,대관령,개,0
메리골드슈퍼보이오렌지,10cm,평창,개,0
멕시칸세이지,10cm,서울,개,7
멕시칸세이지,10cm,10동,개,110
멕시칸세이지,10cm,자스민,개,0
멕시칸세이지,10cm,9연동,개,60
멕시칸세이지,10cm,곤지암,개,0
멕시칸세이지,10cm,대관령,개,0
멕시칸세이지,10cm,평창,개,0
멕시칸세이지,18cm,서울,개,48
멕시칸세이지,18cm,10동,개,826
멕시칸세이지,18cm,자스민,개,0
멕시칸세이지,18cm,9연동,개,20
멕시칸세이지,18cm,곤지암,개,0
멕시칸세이지,18cm,대관령,개,0
멕시칸세이지,18cm,평창,개,0
멕시칸세이지,24cm,서울,개,40
멕시칸세이지,24cm,10동,개,865
멕시칸세이지,24cm,자스민,개,0
멕시칸세이지,24cm,9연동,개,0
멕시칸세이지,24cm,곤지암,개,0
멕시칸세이지,24cm,대관령,개,0
멕시칸세이지,24cm,평창,개,0
멕시칸세이지,30cm,서울,개,-6
멕시칸세이지,30cm,10동,개,40
멕시칸세이지,30cm,자스민,개,0
멕시칸세이지,30cm,9연동,개,0
멕시칸세이지,30cm,곤지암,개,0
멕시칸세이지,30cm,대관령,개,0
멕시칸세이지,30cm,평창,개,0
멕시칸세이지(흰색),10cm,서울,개,20
멕시칸세이지(흰색),10cm,10동,개,0
멕시칸세이지(흰색),10cm,자스민,개,0
멕시칸세이지(흰색),10cm,9연동,개,0
멕시칸세이지(흰색),10cm,곤지암,개,0
멕시칸세이지(흰색),10cm,대관령,개,0
멕시칸세이지(흰색),10cm,평창,개,0
멕시칸세이지(흰색),18cm,서울,개,24
멕시칸세이지(흰색),18cm,10동,개,677
멕시칸세이지(흰색),18cm,자스민,개,0
멕시칸세이지(흰색),18cm,9연동,개,58
멕시칸세이지(흰색),18cm,곤지암,개,0
멕시칸세이지(흰색),18cm,대관령,개,0
멕시칸세이지(흰색),18cm,평창,개,0
멕시칸세이지(흰색),24cm,서울,개,6
멕시칸세이지(흰색),24cm,10동,개,72
멕시칸세이지(흰색),24cm,자스민,개,0
멕시칸세이지(흰색),24cm,9연동,개,0
멕시칸세이지(흰색),24cm,곤지암,개,0
멕시칸세이지(흰색),24cm,대관령,개,0
멕시칸세이지(흰색),24cm,평창,개,0
멕시칸세이지(흰색),30cm,서울,개,1
멕시칸세이지(흰색),30cm,10동,개,26
멕시칸세이지(흰색),30cm,자스민,개,0
멕시칸세이지(흰색),30cm,9연동,개,0
멕시칸세이지(흰색),30cm,곤지암,개,0
멕시칸세이지(흰색),30cm,대관령,개,0
멕시칸세이지(흰색),30cm,평창,개,0
미스틱스파이어블루세이지,10cm,서울,개,0
미스틱스파이어블루세이지,10cm,10동,개,0
미스틱스파이어블루세이지,10cm,자스민,개,0
미스틱스파이어블루세이지,10cm,9연동,개,0
미스틱스파이어블루세이지,10cm,곤지암,개,0
미스틱스파이어블루세이지,10cm,대관령,개,0
미스틱스파이어블루세이지,10cm,평창,개,0
미스틱스파이어블루세이지,18cm,서울,개,49
미스틱스파이어블루세이지,18cm,10동,개,811
미스틱스파이어블루세이지,18cm,자스민,개,0
미스틱스파이어블루세이지,18cm,9연동,개,522
미스틱스파이어블루세이지,18cm,곤지암,개,0
미스틱스파이어블루세이지,18cm,대관령,개,0
미스틱스파이어블루세이지,18cm,평창,개,0
미스틱스파이어블루세이지,24cm,서울,개,19
미스틱스파이어블루세이지,24cm,10동,개,0
미스틱스파이어블루세이지,24cm,자스민,개,0
미스틱스파이어블루세이지,24cm,9연동,개,11
미스틱스파이어블루세이지,24cm,곤지암,개,0
미스틱스파이어블루세이지,24cm,대관령,개,0
미스틱스파이어블루세이지,24cm,평창,개,0
미스틱스파이어블루세이지,30cm,서울,개,4
미스틱스파이어블루세이지,30cm,10동,개,0
미스틱스파이어블루세이지,30cm,자스민,개,0
미스틱스파이어블루세이지,30cm,9연동,개,13
미스틱스파이어블루세이지,30cm,곤지암,개,0
미스틱스파이어블루세이지,30cm,대관령,개,0
미스틱스파이어블루세이지,30cm,평창,개,0
밀크시슬,10cm,서울,개,0
밀크시슬,10cm,10동,개,0
밀크시슬,10cm,자스민,개,0
밀크시슬,10cm,9연동,개,0
밀크시슬,10cm,곤지암,개,0
밀크시슬,10cm,대관령,개,0
밀크시슬,10cm,평창,개,0
밀크시슬,18cm,서울,개,12
밀크시슬,18cm,10동,개,0
밀크시슬,18cm,자스민,개,0
밀크시슬,18cm,9연동,개,0
밀크시슬,18cm,곤지암,개,0
밀크시슬,18cm,대관령,개,0
밀크시슬,18cm,평창,개,0
발레리안,10cm,서울,개,126
발레리안,10cm,10동,개,0
발레리안,10cm,자스민,개,0
발레리안,10cm,9연동,개,0
발레리안,10cm,곤지암,개,0
발레리안,10cm,대관령,개,0
발레리안,10cm,평창,개,0
베이(월계수),18cm,서울,개,157
베이(월계수),18cm,10동,개,0
베이(월계수),18cm,자스민,개,0
베이(월계수),18cm,9연동,개,0
베이(월계수),18cm,곤지암,개,0
베이(월계수),18cm,대관령,개,0
베이(월계수),18cm,평창,개,0
베이(월계수),24cm,서울,개,312
베이(월계수),24cm,10동,개,0
베이(월계수),24cm,자스민,개,0
베이(월계수),24cm,9연동,개,0
베이(월계수),24cm,곤지암,개,0
베이(월계수),24cm,대관령,개,0
베이(월계수),24cm,평창,개,0
베이(월계수),30cm,서울,개,13
베이(월계수),30cm,10동,개,0
베이(월계수),30cm,자스민,개,0
베이(월계수),30cm,9연동,개,0
베이(월계수),30cm,곤지암,개,0
베이(월계수),30cm,대관령,개,0
베이(월계수),30cm,평창,개,0
베이(월계수),특대,서울,개,6
베이(월계수),특대,10동,개,0
베이(월계수),특대,자스민,개,0
베이(월계수),특대,9연동,개,0
베이(월계수),특대,곤지암,개,0
베이(월계수),특대,대관령,개,0
베이(월계수),특대,평창,개,0
벨가못,10cm,서울,개,15
벨가못,10cm,10동,개,0
벨가못,10cm,자스민,개,0
벨가못,10cm,9연동,개,0
벨가못,10cm,곤지암,개,0
벨가못,10cm,대관령,개,0
벨가못,10cm,평창,개,0
벨가못,18cm,서울,개,13
벨가못,18cm,10동,개,0
벨가못,18cm,자스민,개,0
벨가못,18cm,9연동,개,0
벨가못,18cm,곤지암,개,0
벨가못,18cm,대관령,개,0
벨가못,18cm,평창,개,0
병풀,10cm,서울,개,1630
병풀,10cm,10동,개,0
병풀,10cm,자스민,개,0
병풀,10cm,9연동,개,0
병풀,10cm,곤지암,개,0
병풀,10cm,대관령,개,0
병풀,10cm,평창,개,0
보리지,10cm,서울,개,90
보리지,10cm,10동,개,0
보리지,10cm,자스민,개,0
보리지,10cm,9연동,개,0
보리지,10cm,곤지암,개,0
보리지,10cm,대관령,개,0
보리지,10cm,평창,개,0
보리지,18cm,서울,개,88
보리지,18cm,10동,개,0
보리지,18cm,자스민,개,0
보리지,18cm,9연동,개,0
보리지,18cm,곤지암,개,0
보리지,18cm,대관령,개,0
보리지,18cm,평창,개,0
보리지,24cm,서울,개,80
보리지,24cm,10동,개,0
보리지,24cm,자스민,개,0
보리지,24cm,9연동,개,0
보리지,24cm,곤지암,개,0
보리지,24cm,대관령,개,0
보리지,24cm,평창,개,0
보리지,30cm,서울,개,10
보리지,30cm,10동,개,0
보리지,30cm,자스민,개,0
보리지,30cm,9연동,개,0
보리지,30cm,곤지암,개,0
보리지,30cm,대관령,개,0
보리지,30cm,평창,개,0
분홍낮달맞이,10cm,서울,개,140
분홍낮달맞이,10cm,10동,개,0
분홍낮달맞이,10cm,자스민,개,0
분홍낮달맞이,10cm,9연동,개,0
분홍낮달맞이,10cm,곤지암,개,0
분홍낮달맞이,10cm,대관령,개,0
분홍낮달맞이,10cm,평창,개,0
비올라,10cm,서울,개,0
비올라,10cm,10동,개,0
비올라,10cm,자스민,개,0
비올라,10cm,9연동,개,0
비올라,10cm,곤지암,개,0
비올라,10cm,대관령,개,0
비올라,10cm,평창,개,0
비올라,15cm,서울,개,960
비올라,15cm,10동,개,0
비올라,15cm,자스민,개,0
비올라,15cm,9연동,개,0
비올라,15cm,곤지암,개,0
비올라,15cm,대관령,개,0
비올라,15cm,평창,개,0
산토리나,10cm,서울,개,0
산토리나,10cm,10동,개,0
산토리나,10cm,자스민,개,0
산토리나,10cm,9연동,개,210
산토리나,10cm,곤지암,개,0
산토리나,10cm,대관령,개,0
산토리나,10cm,평창,개,0
산토리나,18cm,서울,개,0
산토리나,18cm,10동,개,0
산토리나,18cm,자스민,개,0
산토리나,18cm,9연동,개,192
산토리나,18cm,곤지암,개,0
산토리나,18cm,대관령,개,0
산토리나,18cm,평창,개,0
산토리나,24cm,서울,개,48
산토리나,24cm,10동,개,0
산토리나,24cm,자스민,개,0
산토리나,24cm,9연동,개,12
산토리나,24cm,곤지암,개,0
산토리나,24cm,대관령,개,0
산토리나,24cm,평창,개,0
산토리나,30cm,서울,개,0
산토리나,30cm,10동,개,0
산토리나,30cm,자스민,개,0
산토리나,30cm,9연동,개,3
산토리나,30cm,곤지암,개,0
산토리나,30cm,대관령,개,0
산토리나,30cm,평창,개,0
서던우드,10cm,서울,개,0
서던우드,10cm,10동,개,0
서던우드,10cm,자스민,개,0
서던우드,10cm,9연동,개,0
서던우드,10cm,곤지암,개,0
서던우드,10cm,대관령,개,0
서던우드,10cm,평창,개,0
서던우드,18cm,서울,개,84
서던우드,18cm,10동,개,0
서던우드,18cm,자스민,개,0
서던우드,18cm,9연동,개,0
서던우드,18cm,곤지암,개,0
서던우드,18cm,대관령,개,0
서던우드,18cm,평창,개,0
서던우드,24cm,서울,개,5
서던우드,24cm,10동,개,0
서던우드,24cm,자스민,개,0
서던우드,24cm,9연동,개,0
서던우드,24cm,곤지암,개,0
서던우드,24cm,대관령,개,0
서던우드,24cm,평창,개,0
세인트존스워트,10cm,서울,개,177
세인트존스워트,10cm,10동,개,0
세인트존스워트,10cm,자스민,개,0
세인트존스워트,10cm,9연동,개,0
세인트존스워트,10cm,곤지암,개,0
세인트존스워트,10cm,대관령,개,0
세인트존스워트,10cm,평창,개,0
스위트라벤다,10cm,서울,개,0
스위트라벤다,10cm,10동,개,417
스위트라벤다,10cm,자스민,개,0
스위트라벤다,10cm,9연동,개,0
스위트라벤다,10cm,곤지암,개,0
스위트라벤다,10cm,대관령,개,0
스위트라벤다,10cm,평창,개,0
스위트라벤다,18cm,서울,개,42
스위트라벤다,18cm,10동,개,1903
스위트라벤다,18cm,자스민,개,0
스위트라벤다,18cm,9연동,개,0
스위트라벤다,18cm,곤지암,개,0
스위트라벤다,18cm,대관령,개,0
스위트라벤다,18cm,평창,개,0
스위트라벤다,24cm,서울,개,51
스위트라벤다,24cm,10동,개,302
스위트라벤다,24cm,자스민,개,0
스위트라벤다,24cm,9연동,개,0
스위트라벤다,24cm,곤지암,개,0
스위트라벤다,24cm,대관령,개,0
스위트라벤다,24cm,평창,개,0
스위트라벤다,30cm,서울,개,6
스위트라벤다,30cm,10동,개,106
스위트라벤다,30cm,자스민,개,0
스위트라벤다,30cm,9연동,개,0
스위트라벤다,30cm,곤지암,개,0
스위트라벤다,30cm,대관령,개,0
스위트라벤다,30cm,평창,개,0
스위트라벤다,특대,서울,개,0
스위트라벤다,특대,10동,개,0
스위트라벤다,특대,자스민,개,0
스위트라벤다,특대,9연동,개,0
스위트라벤다,특대,곤지암,개,0
스위트라벤다,특대,대관령,개,0
스위트라벤다,특대,평창,개,0
스위트라벤다외대,18cm,서울,개,6
스위트라벤다외대,18cm,10동,개,0
스위트라벤다외대,18cm,자스민,개,0
스위트라벤다외대,18cm,9연동,개,0
스위트라벤다외대,18cm,곤지암,개,0
스위트라벤다외대,18cm,대관령,개,0
스위트라벤다외대,18cm,평창,개,0
스위트라벤다외대,24cm,서울,개,10
스위트라벤다외대,24cm,10동,개,0
스위트라벤다외대,24cm,자스민,개,0
스위트라벤다외대,24cm,9연동,개,0
스위트라벤다외대,24cm,곤지암,개,0
스위트라벤다외대,24cm,대관령,개,0
스위트라벤다외대,24cm,평창,개,0
스위트바질,10cm,서울,개,0
스위트바질,10cm,10동,개,0
스위트바질,10cm,자스민,개,0
스위트바질,10cm,9연동,개,0
스위트바질,10cm,곤지암,개,0
스위트바질,10cm,대관령,개,0
스위트바질,10cm,평창,개,0
스탠다드유칼리,10cm,서울,개,0
스탠다드유칼리,10cm,10동,개,0
스탠다드유칼리,10cm,자스민,개,0
스탠다드유칼리,10cm,9연동,개,0
스탠다드유칼리,10cm,곤지암,개,0
스탠다드유칼리,10cm,대관령,개,0
스탠다드유칼리,10cm,평창,개,0
스탠다드유칼리,18cm,서울,개,1
스탠다드유칼리,18cm,10동,개,0
스탠다드유칼리,18cm,자스민,개,0
스탠다드유칼리,18cm,9연동,개,0
스탠다드유칼리,18cm,곤지암,개,0
스탠다드유칼리,18cm,대관령,개,0
스탠다드유칼리,18cm,평창,개,0
스탠다드유칼리,24cm,서울,개,8
스탠다드유칼리,24cm,10동,개,0
스탠다드유칼리,24cm,자스민,개,0
스탠다드유칼리,24cm,9연동,개,0
스탠다드유칼리,24cm,곤지암,개,0
스탠다드유칼리,24cm,대관령,개,0
스탠다드유칼리,24cm,평창,개,0
스탠다드유칼리,특대,서울,개,2
스탠다드유칼리,특대,10동,개,0
스탠다드유칼리,특대,자스민,개,0
스탠다드유칼리,특대,9연동,개,0
스탠다드유칼리,특대,곤지암,개,0
스탠다드유칼리,특대,대관령,개,0
스탠다드유칼리,특대,평창,개,0
스테비아,10cm,서울,개,15
스테비아,10cm,10동,개,0
스테비아,10cm,자스민,개,0
스테비아,10cm,9연동,개,0
스테비아,10cm,곤지암,개,0
스테비아,10cm,대관령,개,0
스테비아,10cm,평창,개,0
스테비아,15cm,서울,개,0
스테비아,15cm,10동,개,0
스테비아,15cm,자스민,개,0
스테비아,15cm,9연동,개,0
스테비아,15cm,곤지암,개,0
스테비아,15cm,대관령,개,0
스테비아,15cm,평창,개,0
스테비아,18cm,서울,개,20
스테비아,18cm,10동,개,0
스테비아,18cm,자스민,개,0
스테비아,18cm,9연동,개,130
스테비아,18cm,곤지암,개,0
스테비아,18cm,대관령,개,0
스테비아,18cm,평창,개,0
스토크,10cm,서울,개,0
스토크,10cm,10동,개,0
스토크,10cm,자스민,개,0
스토크,10cm,9연동,개,0
스토크,10cm,곤지암,개,0
스토크,10cm,대관령,개,0
스토크,10cm,평창,개,0
스피아민트,10cm,서울,개,3364
스피아민트,10cm,10동,개,0
스피아민트,10cm,자스민,개,0
스피아민트,10cm,9연동,개,1900
스피아민트,10cm,곤지암,개,0
스피아민트,10cm,대관령,개,0
스피아민트,10cm,평창,개,0
스피아민트,18cm,서울,개,14
스피아민트,18cm,10동,개,0
스피아민트,18cm,자스민,개,0
스피아민트,18cm,9연동,개,0
스피아민트,18cm,곤지암,개,0
스피아민트,18cm,대관령,개,0
스피아민트,18cm,평창,개,0
실버세이지,10cm,서울,개,60
실버세이지,10cm,10동,개,0
실버세이지,10cm,자스민,개,0
실버세이지,10cm,9연동,개,0
실버세이지,10cm,곤지암,개,0
실버세이지,10cm,대관령,개,0
실버세이지,10cm,평창,개,0
실버세이지,18cm,서울,개,52
실버세이지,18cm,10동,개,0
실버세이지,18cm,자스민,개,0
실버세이지,18cm,9연동,개,0
실버세이지,18cm,곤지암,개,0
실버세이지,18cm,대관령,개,0
실버세이지,18cm,평창,개,0
실버타임,10cm,서울,개,205
실버타임,10cm,10동,개,0
실버타임,10cm,자스민,개,0
실버타임,10cm,9연동,개,0
실버타임,10cm,곤지암,개,0
실버타임,10cm,대관령,개,0
실버타임,10cm,평창,개,0
실버타임,18cm,서울,개,103
실버타임,18cm,10동,개,0
실버타임,18cm,자스민,개,0
실버타임,18cm,9연동,개,0
실버타임,18cm,곤지암,개,0
실버타임,18cm,대관령,개,0
실버타임,18cm,평창,개,0
아니스히솝,10cm,서울,개,192
아니스히솝,10cm,10동,개,0
아니스히솝,10cm,자스민,개,0
아니스히솝,10cm,9연동,개,0
아니스히솝,10cm,곤지암,개,0
아니스히솝,10cm,대관령,개,0
아니스히솝,10cm,평창,개,0
아르니카,10cm,서울,개,20
아르니카,10cm,10동,개,0
아르니카,10cm,자스민,개,0
아르니카,10cm,9연동,개,0
아르니카,10cm,곤지암,개,0
아르니카,10cm,대관령,개,0
아르니카,10cm,평창,개,0
아스터,10cm,서울,개,190
아스터,10cm,10동,개,0
아스터,10cm,자스민,개,0
아스터,10cm,9연동,개,0
아스터,10cm,곤지암,개,0
아스터,10cm,대관령,개,0
아스터,10cm,평창,개,0
아티초크,10cm,서울,개,76
아티초크,10cm,10동,개,0
아티초크,10cm,자스민,개,0
아티초크,10cm,9연동,개,0
아티초크,10cm,곤지암,개,0
아티초크,10cm,대관령,개,0
아티초크,10cm,평창,개,0
아티초크,18cm,서울,개,3
아티초크,18cm,10동,개,0
아티초크,18cm,자스민,개,0
아티초크,18cm,9연동,개,0
아티초크,18cm,곤지암,개,0
아티초크,18cm,대관령,개,0
아티초크,18cm,평창,개,0
안젤리카,18cm,서울,개,11
안젤리카,18cm,10동,개,0
안젤리카,18cm,자스민,개,0
안젤리카,18cm,9연동,개,0
안젤리카,18cm,곤지암,개,0
안젤리카,18cm,대관령,개,0
안젤리카,18cm,평창,개,0
애니시다,10cm,서울,개,0
애니시다,10cm,10동,개,0
애니시다,10cm,자스민,개,0
애니시다,10cm,9연동,개,300
애니시다,10cm,곤지암,개,0
애니시다,10cm,대관령,개,0
애니시다,10cm,평창,개,0
애니시다,18cm,서울,개,0
애니시다,18cm,10동,개,0
애니시다,18cm,자스민,개,0
애니시다,18cm,9연동,개,137
애니시다,18cm,곤지암,개,0
애니시다,18cm,대관령,개,0
애니시다,18cm,평창,개,0
애니시다,24cm,서울,개,0
애니시다,24cm,10동,개,0
애니시다,24cm,자스민,개,0
애니시다,24cm,9연동,개,60
애니시다,24cm,곤지암,개,0
애니시다,24cm,대관령,개,0
애니시다,24cm,평창,개,0
애니시다,30cm,서울,개,2
애니시다,30cm,10동,개,0
애니시다,30cm,자스민,개,0
애니시다,30cm,9연동,개,3
애니시다,30cm,곤지암,개,0
애니시다,30cm,대관령,개,0
애니시다,30cm,평창,개,0
애플민트,10cm,서울,개,3974
애플민트,10cm,10동,개,0
애플민트,10cm,자스민,개,0
애플민트,10cm,9연동,개,1900
애플민트,10cm,곤지암,개,0
애플민트,10cm,대관령,개,0
애플민트,10cm,평창,개,0
애플민트,18cm,서울,개,23
애플민트,18cm,10동,개,0
애플민트,18cm,자스민,개,0
애플민트,18cm,9연동,개,0
애플민트,18cm,곤지암,개,0
애플민트,18cm,대관령,개,0
애플민트,18cm,평창,개,0
애플사이다제라늄,10cm,서울,개,0
애플사이다제라늄,10cm,10동,개,0
애플사이다제라늄,10cm,자스민,개,0
애플사이다제라늄,10cm,9연동,개,0
애플사이다제라늄,10cm,곤지암,개,0
애플사이다제라늄,10cm,대관령,개,0
애플사이다제라늄,10cm,평창,개,0
애플사이다제라늄,18cm,서울,개,41
애플사이다제라늄,18cm,10동,개,0
애플사이다제라늄,18cm,자스민,개,0
애플사이다제라늄,18cm,9연동,개,60
애플사이다제라늄,18cm,곤지암,개,0
애플사이다제라늄,18cm,대관령,개,0
애플사이다제라늄,18cm,평창,개,0
애플사이다제라늄,24cm,서울,개,9
애플사이다제라늄,24cm,10동,개,0
애플사이다제라늄,24cm,자스민,개,0
애플사이다제라늄,24cm,9연동,개,4
애플사이다제라늄,24cm,곤지암,개,0
애플사이다제라늄,24cm,대관령,개,0
애플사이다제라늄,24cm,평창,개,0
애플제라늄,10cm,서울,개,0
애플제라늄,10cm,10동,개,0
애플제라늄,10cm,자스민,개,0
애플제라늄,10cm,9연동,개,0
애플제라늄,10cm,곤지암,개,0
애플제라늄,10cm,대관령,개,0
애플제라늄,10cm,평창,개,0
애플제라늄,18cm,서울,개,8
애플제라늄,18cm,10동,개,0
애플제라늄,18cm,자스민,개,0
애플제라늄,18cm,9연동,개,54
애플제라늄,18cm,곤지암,개,0
애플제라늄,18cm,대관령,개,0
애플제라늄,18cm,평창,개,0
애플제라늄,24cm,서울,개,4
애플제라늄,24cm,10동,개,0
애플제라늄,24cm,자스민,개,0
애플제라늄,24cm,9연동,개,56
애플제라늄,24cm,곤지암,개,0
애플제라늄,24cm,대관령,개,0
애플제라늄,24cm,평창,개,0
애플제라늄,30cm,서울,개,1
애플제라늄,30cm,10동,개,0
애플제라늄,30cm,자스민,개,0
애플제라늄,30cm,9연동,개,5
애플제라늄,30cm,곤지암,개,0
애플제라늄,30cm,대관령,개,0
애플제라늄,30cm,평창,개,0
야로우,10cm,서울,개,0
야로우,10cm,10동,개,1960
야로우,10cm,자스민,개,0
야로우,10cm,9연동,개,0
야로우,10cm,곤지암,개,0
야로우,10cm,대관령,개,0
야로우,10cm,평창,개,0
야로우,18cm,서울,개,84
야로우,18cm,10동,개,0
야로우,18cm,자스민,개,0
야로우,18cm,9연동,개,0
야로우,18cm,곤지암,개,0
야로우,18cm,대관령,개,0
야로우,18cm,평창,개,0
양귀비,10cm,서울,개,0
양귀비,10cm,10동,개,0
양귀비,10cm,자스민,개,0
양귀비,10cm,9연동,개,0
양귀비,10cm,곤지암,개,0
양귀비,10cm,대관령,개,0
양귀비,10cm,평창,개,0
오데코롱민트,10cm,서울,개,277
오데코롱민트,10cm,10동,개,0
오데코롱민트,10cm,자스민,개,0
오데코롱민트,10cm,9연동,개,0
오데코롱민트,10cm,곤지암,개,0
오데코롱민트,10cm,대관령,개,0
오데코롱민트,10cm,평창,개,0
오데코롱민트,18cm,서울,개,100
오데코롱민트,18cm,10동,개,0
오데코롱민트,18cm,자스민,개,0
오데코롱민트,18cm,9연동,개,0
오데코롱민트,18cm,곤지암,개,0
오데코롱민트,18cm,대관령,개,0
오데코롱민트,18cm,평창,개,0
오데코롱민트(베트남),10cm,서울,개,0
오데코롱민트(베트남),10cm,10동,개,0
오데코롱민트(베트남),10cm,자스민,개,0
오데코롱민트(베트남),10cm,9연동,개,0
오데코롱민트(베트남),10cm,곤지암,개,0
오데코롱민트(베트남),10cm,대관령,개,0
오데코롱민트(베트남),10cm,평창,개,0
오레가노,10cm,서울,개,90
오레가노,10cm,10동,개,0
오레가노,10cm,자스민,개,0
오레가노,10cm,9연동,개,0
오레가노,10cm,곤지암,개,0
오레가노,10cm,대관령,개,0
오레가노,10cm,평창,개,0
오레가노,18cm,서울,개,0
오레가노,18cm,10동,개,0
오레가노,18cm,자스민,개,0
오레가노,18cm,9연동,개,0
오레가노,18cm,곤지암,개,0
오레가노,18cm,대관령,개,0
오레가노,18cm,평창,개,0
오렌지타임,10cm,서울,개,300
오렌지타임,10cm,10동,개,0
오렌지타임,10cm,자스민,개,0
오렌지타임,10cm,9연동,개,0
오렌지타임,10cm,곤지암,개,0
오렌지타임,10cm,대관령,개,0
오렌지타임,10cm,평창,개,0
오렌지타임,18cm,서울,개,73
오렌지타임,18cm,10동,개,0
오렌지타임,18cm,자스민,개,0
오렌지타임,18cm,9연동,개,0
오렌지타임,18cm,곤지암,개,0
오렌지타임,18cm,대관령,개,0
오렌지타임,18cm,평창,개,0
옥잠화,24cm,서울,개,0
옥잠화,24cm,10동,개,0
옥잠화,24cm,자스민,개,0
옥잠화,24cm,9연동,개,0
옥잠화,24cm,곤지암,개,47
옥잠화,24cm,대관령,개,0
옥잠화,24cm,평창,개,0
올리브,18cm,서울,개,-6
올리브,18cm,10동,개,0
올리브,18cm,자스민,개,0
올리브,18cm,9연동,개,0
올리브,18cm,곤지암,개,0
올리브,18cm,대관령,개,0
올리브,18cm,평창,개,0
올리브,24cm,서울,개,209
올리브,24cm,10동,개,0
올리브,24cm,자스민,개,0
올리브,24cm,9연동,개,0
올리브,24cm,곤지암,개,0
올리브,24cm,대관령,개,0
올리브,24cm,평창,개,0
올리브,30cm,서울,개,17
올리브,30cm,10동,개,0
올리브,30cm,자스민,개,0
올리브,30cm,9연동,개,0
올리브,30cm,곤지암,개,0
올리브,30cm,대관령,개,0
올리브,30cm,평창,개,0
올리브,특대,서울,개,4
올리브,특대,10동,개,0
올리브,특대,자스민,개,0
올리브,특대,9연동,개,0
올리브,특대,곤지암,개,0
올리브,특대,대관령,개,0
올리브,특대,평창,개,0
와일드스트로베리,10cm,서울,개,0
와일드스트로베리,10cm,10동,개,0
와일드스트로베리,10cm,자스민,개,0
와일드스트로베리,10cm,9연동,개,0
와일드스트로베리,10cm,곤지암,개,0
와일드스트로베리,10cm,대관령,개,0
와일드스트로베리,10cm,평창,개,0
우단동자,10cm,서울,개,400
우단동자,10cm,10동,개,0
우단동자,10cm,자스민,개,0
우단동자,10cm,9연동,개,0
우단동자,10cm,곤지암,개,0
우단동자,10cm,대관령,개,0
우단동자,10cm,평창,개,0
우단동자,18cm,서울,개,310
우단동자,18cm,10동,개,0
우단동자,18cm,자스민,개,0
우단동자,18cm,9연동,개,0
우단동자,18cm,곤지암,개,0
우단동자,18cm,대관령,개,0
우단동자,18cm,평창,개,0
우단동자,24cm,서울,개,0
우단동자,24cm,10동,개,0
우단동자,24cm,자스민,개,0
우단동자,24cm,9연동,개,0
우단동자,24cm,곤지암,개,0
우단동자,24cm,대관령,개,0
우단동자,24cm,평창,개,0
원추리,24cm,서울,개,94
원추리,24cm,10동,개,0
원추리,24cm,자스민,개,0
원추리,24cm,9연동,개,0
원추리,24cm,곤지암,개,1208
원추리,24cm,대관령,개,0
원추리,24cm,평창,개,0
윈터세이보리,10cm,서울,개,150
윈터세이보리,10cm,10동,개,0
윈터세이보리,10cm,자스민,개,0
윈터세이보리,10cm,9연동,개,0
윈터세이보리,10cm,곤지암,개,0
윈터세이보리,10cm,대관령,개,0
윈터세이보리,10cm,평창,개,0
유럽제라늄,24cm,서울,개,16
유럽제라늄,24cm,10동,개,0
유럽제라늄,24cm,자스민,개,0
유럽제라늄,24cm,9연동,개,0
유럽제라늄,24cm,곤지암,개,0
유럽제라늄,24cm,대관령,개,0
유럽제라늄,24cm,평창,개,0
율마,24cm,서울,개,7
율마,24cm,10동,개,0
율마,24cm,자스민,개,0
율마,24cm,9연동,개,-1
율마,24cm,곤지암,개,0
율마,24cm,대관령,개,0
율마,24cm,평창,개,0
이탈리안파슬리,10cm,서울,개,438
이탈리안파슬리,10cm,10동,개,0
이탈리안파슬리,10cm,자스민,개,0
이탈리안파슬리,10cm,9연동,개,0
이탈리안파슬리,10cm,곤지암,개,0
이탈리안파슬리,10cm,대관령,개,0
이탈리안파슬리,10cm,평창,개,0
일지매,18cm,서울,개,0
일지매,18cm,10동,개,0
일지매,18cm,자스민,개,0
일지매,18cm,9연동,개,65
일지매,18cm,곤지암,개,0
일지매,18cm,대관령,개,0
일지매,18cm,평창,개,0
잉글리쉬라벤다,10cm,서울,개,25217
잉글리쉬라벤다,10cm,10동,개,700
잉글리쉬라벤다,10cm,자스민,개,6483
잉글리쉬라벤다,10cm,9연동,개,0
잉글리쉬라벤다,10cm,곤지암,개,0
잉글리쉬라벤다,10cm,대관령,개,0
잉글리쉬라벤다,10cm,평창,개,0
잉글리쉬라벤다,15cm,서울,개,0
잉글리쉬라벤다,15cm,10동,개,0
잉글리쉬라벤다,15cm,자스민,개,2929
잉글리쉬라벤다,15cm,9연동,개,120
잉글리쉬라벤다,15cm,곤지암,개,0
잉글리쉬라벤다,15cm,대관령,개,0
잉글리쉬라벤다,15cm,평창,개,0
잉글리쉬라벤다,18cm,서울,개,166
잉글리쉬라벤다,18cm,10동,개,13
잉글리쉬라벤다,18cm,자스민,개,4189
잉글리쉬라벤다,18cm,9연동,개,61
잉글리쉬라벤다,18cm,곤지암,개,0
잉글리쉬라벤다,18cm,대관령,개,0
잉글리쉬라벤다,18cm,평창,개,0
잉글리쉬라벤다,24cm,서울,개,7
잉글리쉬라벤다,24cm,10동,개,15
잉글리쉬라벤다,24cm,자스민,개,97
잉글리쉬라벤다,24cm,9연동,개,0
잉글리쉬라벤다,24cm,곤지암,개,0
잉글리쉬라벤다,24cm,대관령,개,0
잉글리쉬라벤다,24cm,평창,개,0
잉글리쉬라벤다,30cm,서울,개,0
잉글리쉬라벤다,30cm,10동,개,6
잉글리쉬라벤다,30cm,자스민,개,0
잉글리쉬라벤다,30cm,9연동,개,0
잉글리쉬라벤다,30cm,곤지암,개,0
잉글리쉬라벤다,30cm,대관령,개,0
잉글리쉬라벤다,30cm,평창,개,0
장미허브,10cm,서울,개,4033
장미허브,10cm,10동,개,0
장미허브,10cm,자스민,개,0
장미허브,10cm,9연동,개,4000
장미허브,10cm,곤지암,개,0
장미허브,10cm,대관령,개,0
장미허브,10cm,평창,개,0
장미허브,18cm,서울,개,722
장미허브,18cm,10동,개,0
장미허브,18cm,자스민,개,0
장미허브,18cm,9연동,개,0
장미허브,18cm,곤지암,개,0
장미허브,18cm,대관령,개,0
장미허브,18cm,평창,개,0
장미허브,24cm,서울,개,30
장미허브,24cm,10동,개,0
장미허브,24cm,자스민,개,0
장미허브,24cm,9연동,개,0
장미허브,24cm,곤지암,개,0
장미허브,24cm,대관령,개,0
장미허브,24cm,평창,개,0
잭폿탄지,10cm,서울,개,179
잭폿탄지,10cm,10동,개,0
잭폿탄지,10cm,자스민,개,0
잭폿탄지,10cm,9연동,개,0
잭폿탄지,10cm,곤지암,개,0
잭폿탄지,10cm,대관령,개,0
잭폿탄지,10cm,평창,개,0
저먼캐모마일,10cm,서울,개,1700
저먼캐모마일,10cm,10동,개,0
저먼캐모마일,10cm,자스민,개,0
저먼캐모마일,10cm,9연동,개,0
저먼캐모마일,10cm,곤지암,개,0
저먼캐모마일,10cm,대관령,개,0
저먼캐모마일,10cm,평창,개,0
적쏘렐,10cm,서울,개,2640
적쏘렐,10cm,10동,개,0
적쏘렐,10cm,자스민,개,0
적쏘렐,10cm,9연동,개,0
적쏘렐,10cm,곤지암,개,0
적쏘렐,10cm,대관령,개,0
적쏘렐,10cm,평창,개,0
쥬리안,10cm,서울,개,0
쥬리안,10cm,10동,개,0
쥬리안,10cm,자스민,개,0
쥬리안,10cm,9연동,개,0
쥬리안,10cm,곤지암,개,0
쥬리안,10cm,대관령,개,0
쥬리안,10cm,평창,개,0
지브라말로우,10cm,서울,개,130
지브라말로우,10cm,10동,개,0
지브라말로우,10cm,자스민,개,0
지브라말로우,10cm,9연동,개,0
지브라말로우,10cm,곤지암,개,0
지브라말로우,10cm,대관령,개,0
지브라말로우,10cm,평창,개,0
차빌,10cm,서울,개,716
차빌,10cm,10동,개,0
차빌,10cm,자스민,개,0
차빌,10cm,9연동,개,0
차빌,10cm,곤지암,개,0
차빌,10cm,대관령,개,0
차빌,10cm,평창,개,0
차빌,18cm,서울,개,0
차빌,18cm,10동,개,0
차빌,18cm,자스민,개,0
차빌,18cm,9연동,개,0
차빌,18cm,곤지암,개,0
차빌,18cm,대관령,개,0
차빌,18cm,평창,개,0
차이니즈세이지,10cm,서울,개,0
차이니즈세이지,10cm,10동,개,0
차이니즈세이지,10cm,자스민,개,0
차이니즈세이지,10cm,9연동,개,0
차이니즈세이지,10cm,곤지암,개,0
차이니즈세이지,10cm,대관령,개,0
차이니즈세이지,10cm,평창,개,0
차이니즈세이지,18cm,서울,개,17
차이니즈세이지,18cm,10동,개,0
차이니즈세이지,18cm,자스민,개,0
차이니즈세이지,18cm,9연동,개,0
차이니즈세이지,18cm,곤지암,개,0
차이니즈세이지,18cm,대관령,개,0
차이니즈세이지,18cm,평창,개,0
차이브,10cm,서울,개,446
차이브,10cm,10동,개,0
차이브,10cm,자스민,개,0
차이브,10cm,9연동,개,0
차이브,10cm,곤지암,개,0
차이브,10cm,대관령,개,0
차이브,10cm,평창,개,0
차이브,18cm,서울,개,6
차이브,18cm,10동,개,0
차이브,18cm,자스민,개,0
차이브,18cm,9연동,개,0
차이브,18cm,곤지암,개,0
차이브,18cm,대관령,개,0
차이브,18cm,평창,개,0
청세이지,18cm,서울,개,6
청세이지,18cm,10동,개,0
청세이지,18cm,자스민,개,0
청세이지,18cm,9연동,개,0
청세이지,18cm,곤지암,개,0
청세이지,18cm,대관령,개,0
청세이지,18cm,평창,개,0
청세이지,24cm,서울,개,0
청세이지,24cm,10동,개,0
청세이지,24cm,자스민,개,0
청세이지,24cm,9연동,개,11
청세이지,24cm,곤지암,개,0
청세이지,24cm,대관령,개,0
청세이지,24cm,평창,개,0
청세이지,30cm,서울,개,0
청세이지,30cm,10동,개,0
청세이지,30cm,자스민,개,0
청세이지,30cm,9연동,개,12
청세이지,30cm,곤지암,개,0
청세이지,30cm,대관령,개,0
청세이지,30cm,평창,개,0
체리세이지,10cm,서울,개,0
체리세이지,10cm,10동,개,1
체리세이지,10cm,자스민,개,0
체리세이지,10cm,9연동,개,0
체리세이지,10cm,곤지암,개,0
체리세이지,10cm,대관령,개,0
체리세이지,10cm,평창,개,0
체리세이지,18cm,서울,개,99
체리세이지,18cm,10동,개,1193
체리세이지,18cm,자스민,개,0
체리세이지,18cm,9연동,개,407
체리세이지,18cm,곤지암,개,0
체리세이지,18cm,대관령,개,0
체리세이지,18cm,평창,개,0
체리세이지,24cm,서울,개,33
체리세이지,24cm,10동,개,268
체리세이지,24cm,자스민,개,0
체리세이지,24cm,9연동,개,0
체리세이지,24cm,곤지암,개,0
체리세이지,24cm,대관령,개,0
체리세이지,24cm,평창,개,0
체리세이지,30cm,서울,개,9
체리세이지,30cm,10동,개,233
체리세이지,30cm,자스민,개,0
체리세이지,30cm,9연동,개,0
체리세이지,30cm,곤지암,개,0
체리세이지,30cm,대관령,개,0
체리세이지,30cm,평창,개,0
체리세이지,특대,서울,개,2
체리세이지,특대,10동,개,0
체리세이지,특대,자스민,개,0
체리세이지,특대,9연동,개,0
체리세이지,특대,곤지암,개,0
체리세이지,특대,대관령,개,0
체리세이지,특대,평창,개,0
쵸코민트,10cm,서울,개,344
쵸코민트,10cm,10동,개,0
쵸코민트,10cm,자스민,개,0
쵸코민트,10cm,9연동,개,0
쵸코민트,10cm,곤지암,개,0
쵸코민트,10cm,대관령,개,0
쵸코민트,10cm,평창,개,0
쵸코민트,18cm,서울,개,22
쵸코민트,18cm,10동,개,0
쵸코민트,18cm,자스민,개,0
쵸코민트,18cm,9연동,개,0
쵸코민트,18cm,곤지암,개,0
쵸코민트,18cm,대관령,개,0
쵸코민트,18cm,평창,개,0
캐러웨이,10cm,서울,개,171
캐러웨이,10cm,10동,개,0
캐러웨이,10cm,자스민,개,0
캐러웨이,10cm,9연동,개,0
캐러웨이,10cm,곤지암,개,0
캐러웨이,10cm,대관령,개,0
캐러웨이,10cm,평창,개,0
캔들플랜트,10cm,서울,개,220
캔들플랜트,10cm,10동,개,0
캔들플랜트,10cm,자스민,개,0
캔들플랜트,10cm,9연동,개,0
캔들플랜트,10cm,곤지암,개,0
캔들플랜트,10cm,대관령,개,0
캔들플랜트,10cm,평창,개,0
캔들플랜트,18cm,서울,개,49
캔들플랜트,18cm,10동,개,0
캔들플랜트,18cm,자스민,개,0
캔들플랜트,18cm,9연동,개,150
캔들플랜트,18cm,곤지암,개,0
캔들플랜트,18cm,대관령,개,0
캔들플랜트,18cm,평창,개,0
캔들플랜트,24cm,서울,개,3
캔들플랜트,24cm,10동,개,0
캔들플랜트,24cm,자스민,개,0
캔들플랜트,24cm,9연동,개,0
캔들플랜트,24cm,곤지암,개,0
캔들플랜트,24cm,대관령,개,0
캔들플랜트,24cm,평창,개,0
캘리포니아포피,10cm,서울,개,64
캘리포니아포피,10cm,10동,개,0
캘리포니아포피,10cm,자스민,개,0
캘리포니아포피,10cm,9연동,개,0
캘리포니아포피,10cm,곤지암,개,0
캘리포니아포피,10cm,대관령,개,0
캘리포니아포피,10cm,평창,개,0
캣닙,10cm,서울,개,85
캣닙,10cm,10동,개,0
캣닙,10cm,자스민,개,0
캣닙,10cm,9연동,개,0
캣닙,10cm,곤지암,개,0
캣닙,10cm,대관령,개,0
캣닙,10cm,평창,개,0
커리플랜트,10cm,서울,개,0
커리플랜트,10cm,10동,개,0
커리플랜트,10cm,자스민,개,0
커리플랜트,10cm,9연동,개,340
커리플랜트,10cm,곤지암,개,0
커리플랜트,10cm,대관령,개,0
커리플랜트,10cm,평창,개,0
커리플랜트,18cm,서울,개,5
커리플랜트,18cm,10동,개,0
커리플랜트,18cm,자스민,개,0
커리플랜트,18cm,9연동,개,240
커리플랜트,18cm,곤지암,개,0
커리플랜트,18cm,대관령,개,0
커리플랜트,18cm,평창,개,0
커리플랜트,24cm,서울,개,0
커리플랜트,24cm,10동,개,0
커리플랜트,24cm,자스민,개,0
커리플랜트,24cm,9연동,개,0
커리플랜트,24cm,곤지암,개,0
커리플랜트,24cm,대관령,개,0
커리플랜트,24cm,평창,개,0
커몬말로우,10cm,서울,개,472
커몬말로우,10cm,10동,개,0
커몬말로우,10cm,자스민,개,0
커몬말로우,10cm,9연동,개,0
커몬말로우,10cm,곤지암,개,0
커몬말로우,10cm,대관령,개,0
커몬말로우,10cm,평창,개,0
커몬말로우,18cm,서울,개,3
커몬말로우,18cm,10동,개,0
커몬말로우,18cm,자스민,개,0
커몬말로우,18cm,9연동,개,0
커몬말로우,18cm,곤지암,개,0
커몬말로우,18cm,대관령,개,0
커몬말로우,18cm,평창,개,0
커몬세이지,10cm,서울,개,615
커몬세이지,10cm,10동,개,0
커몬세이지,10cm,자스민,개,0
커몬세이지,10cm,9연동,개,0
커몬세이지,10cm,곤지암,개,0
커몬세이지,10cm,대관령,개,0
커몬세이지,10cm,평창,개,0
커몬세이지,18cm,서울,개,1
커몬세이지,18cm,10동,개,0
커몬세이지,18cm,자스민,개,0
커몬세이지,18cm,9연동,개,0
커몬세이지,18cm,곤지암,개,0
커몬세이지,18cm,대관령,개,0
커몬세이지,18cm,평창,개,0
커몬타임,10cm,서울,개,873
커몬타임,10cm,10동,개,0
커몬타임,10cm,자스민,개,0
커몬타임,10cm,9연동,개,0
커몬타임,10cm,곤지암,개,0
커몬타임,10cm,대관령,개,0
커몬타임,10cm,평창,개,0
코리안더(고수),10cm,서울,개,240
코리안더(고수),10cm,10동,개,0
코리안더(고수),10cm,자스민,개,0
코리안더(고수),10cm,9연동,개,0
코리안더(고수),10cm,곤지암,개,0
코리안더(고수),10cm,대관령,개,0
코리안더(고수),10cm,평창,개,0
콘포피,10cm,서울,개,0
콘포피,10cm,10동,개,0
콘포피,10cm,자스민,개,0
콘포피,10cm,9연동,개,0
콘포피,10cm,곤지암,개,0
콘포피,10cm,대관령,개,0
콘포피,10cm,평창,개,0
콘포피레드,10cm,서울,개,20
콘포피레드,10cm,10동,개,0
콘포피레드,10cm,자스민,개,0
콘포피레드,10cm,9연동,개,0
콘포피레드,10cm,곤지암,개,0
콘포피레드,10cm,대관령,개,0
콘포피레드,10cm,평창,개,0
콘플라워믹스,10cm,서울,개,0
콘플라워믹스,10cm,10동,개,0
콘플라워믹스,10cm,자스민,개,0
콘플라워믹스,10cm,9연동,개,0
콘플라워믹스,10cm,곤지암,개,0
콘플라워믹스,10cm,대관령,개,0
콘플라워믹스,10cm,평창,개,0
쿠페아(구피아),18cm,서울,개,37
쿠페아(구피아),18cm,10동,개,0
쿠페아(구피아),18cm,자스민,개,0
쿠페아(구피아),18cm,9연동,개,4
쿠페아(구피아),18cm,곤지암,개,0
쿠페아(구피아),18cm,대관령,개,0
쿠페아(구피아),18cm,평창,개,0
쿠페아(구피아),30cm,서울,개,1
쿠페아(구피아),30cm,10동,개,0
쿠페아(구피아),30cm,자스민,개,0
쿠페아(구피아),30cm,9연동,개,0
쿠페아(구피아),30cm,곤지암,개,0
쿠페아(구피아),30cm,대관령,개,0
쿠페아(구피아),30cm,평창,개,0
크라선세멈 옐로,10cm,서울,개,0
크라선세멈 옐로,10cm,10동,개,0
크라선세멈 옐로,10cm,자스민,개,0
크라선세멈 옐로,10cm,9연동,개,0
크라선세멈 옐로,10cm,곤지암,개,0
크라선세멈 옐로,10cm,대관령,개,0
크라선세멈 옐로,10cm,평창,개,0
크라선세멈 화이트,10cm,서울,개,0
크라선세멈 화이트,10cm,10동,개,0
크라선세멈 화이트,10cm,자스민,개,0
크라선세멈 화이트,10cm,9연동,개,0
크라선세멈 화이트,10cm,곤지암,개,0
크라선세멈 화이트,10cm,대관령,개,0
크라선세멈 화이트,10cm,평창,개,0
클라리세이지,10cm,서울,개,110
클라리세이지,10cm,10동,개,0
클라리세이지,10cm,자스민,개,0
클라리세이지,10cm,9연동,개,0
클라리세이지,10cm,곤지암,개,0
클라리세이지,10cm,대관령,개,0
클라리세이지,10cm,평창,개,0
클라리세이지,18cm,서울,개,41
클라리세이지,18cm,10동,개,0
클라리세이지,18cm,자스민,개,0
클라리세이지,18cm,9연동,개,0
클라리세이지,18cm,곤지암,개,0
클라리세이지,18cm,대관령,개,0
클라리세이지,18cm,평창,개,0
클라리세이지핑크,10cm,서울,개,0
클라리세이지핑크,10cm,10동,개,0
클라리세이지핑크,10cm,자스민,개,0
클라리세이지핑크,10cm,9연동,개,0
클라리세이지핑크,10cm,곤지암,개,0
클라리세이지핑크,10cm,대관령,개,0
클라리세이지핑크,10cm,평창,개,0
클라리세이지핑크,18cm,서울,개,0
클라리세이지핑크,18cm,10동,개,0
클라리세이지핑크,18cm,자스민,개,0
클라리세이지핑크,18cm,9연동,개,0
클라리세이지핑크,18cm,곤지암,개,0
클라리세이지핑크,18cm,대관령,개,0
클라리세이지핑크,18cm,평창,개,0
클라리세이지핑크,24cm,서울,개,0
클라리세이지핑크,24cm,10동,개,0
클라리세이지핑크,24cm,자스민,개,0
클라리세이지핑크,24cm,9연동,개,0
클라리세이지핑크,24cm,곤지암,개,0
클라리세이지핑크,24cm,대관령,개,0
클라리세이지핑크,24cm,평창,개,0
클리핑로즈마리,10cm,서울,개,0
클리핑로즈마리,10cm,10동,개,0
클리핑로즈마리,10cm,자스민,개,0
클리핑로즈마리,10cm,9연동,개,400
클리핑로즈마리,10cm,곤지암,개,0
클리핑로즈마리,10cm,대관령,개,0
클리핑로즈마리,10cm,평창,개,0
클리핑로즈마리,15cm,서울,개,0
클리핑로즈마리,15cm,10동,개,0
클리핑로즈마리,15cm,자스민,개,0
클리핑로즈마리,15cm,9연동,개,0
클리핑로즈마리,15cm,곤지암,개,0
클리핑로즈마리,15cm,대관령,개,0
클리핑로즈마리,15cm,평창,개,0
클리핑로즈마리,18cm,서울,개,152
클리핑로즈마리,18cm,10동,개,0
클리핑로즈마리,18cm,자스민,개,0
클리핑로즈마리,18cm,9연동,개,0
클리핑로즈마리,18cm,곤지암,개,1995
클리핑로즈마리,18cm,대관령,개,0
클리핑로즈마리,18cm,평창,개,0
클리핑로즈마리,24cm,서울,개,22
클리핑로즈마리,24cm,10동,개,0
클리핑로즈마리,24cm,자스민,개,0
클리핑로즈마리,24cm,9연동,개,0
클리핑로즈마리,24cm,곤지암,개,-29
클리핑로즈마리,24cm,대관령,개,0
클리핑로즈마리,24cm,평창,개,0
클리핑로즈마리,30cm,서울,개,46
클리핑로즈마리,30cm,10동,개,0
클리핑로즈마리,30cm,자스민,개,0
클리핑로즈마리,30cm,9연동,개,0
클리핑로즈마리,30cm,곤지암,개,161
클리핑로즈마리,30cm,대관령,개,0
클리핑로즈마리,30cm,평창,개,0
클리핑로즈마리,특대,서울,개,13
클리핑로즈마리,특대,10동,개,0
클리핑로즈마리,특대,자스민,개,0
클리핑로즈마리,특대,9연동,개,0
클리핑로즈마리,특대,곤지암,개,0
클리핑로즈마리,특대,대관령,개,0
클리핑로즈마리,특대,평창,개,0
클리핑타임,10cm,서울,개,0
클리핑타임,10cm,10동,개,0
클리핑타임,10cm,자스민,개,0
클리핑타임,10cm,9연동,개,0
클리핑타임,10cm,곤지암,개,0
클리핑타임,10cm,대관령,개,0
클리핑타임,10cm,평창,개,0
타라곤,10cm,서울,개,810
타라곤,10cm,10동,개,0
타라곤,10cm,자스민,개,0
타라곤,10cm,9연동,개,0
타라곤,10cm,곤지암,개,0
타라곤,10cm,대관령,개,0
타라곤,10cm,평창,개,0
타이바질,10cm,서울,개,0
타이바질,10cm,10동,개,0
타이바질,10cm,자스민,개,0
타이바질,10cm,9연동,개,0
타이바질,10cm,곤지암,개,0
타이바질,10cm,대관령,개,0
타이바질,10cm,평창,개,0
타이바질,15cm,서울,개,0
타이바질,15cm,10동,개,0
타이바질,15cm,자스민,개,0
타이바질,15cm,9연동,개,0
타이바질,15cm,곤지암,개,0
타이바질,15cm,대관령,개,0
타이바질,15cm,평창,개,0
탄지,10cm,서울,개,246
탄지,10cm,10동,개,0
탄지,10cm,자스민,개,0
탄지,10cm,9연동,개,0
탄지,10cm,곤지암,개,0
탄지,10cm,대관령,개,0
탄지,10cm,평창,개,0
티트리,10cm,서울,개,299
티트리,10cm,10동,개,0
티트리,10cm,자스민,개,0
티트리,10cm,9연동,개,0
티트리,10cm,곤지암,개,0
티트리,10cm,대관령,개,0
티트리,10cm,평창,개,0
티트리,18cm,서울,개,56
티트리,18cm,10동,개,0
티트리,18cm,자스민,개,0
티트리,18cm,9연동,개,0
티트리,18cm,곤지암,개,0
티트리,18cm,대관령,개,0
티트리,18cm,평창,개,0
티트리,24cm,서울,개,31
티트리,24cm,10동,개,0
티트리,24cm,자스민,개,0
티트리,24cm,9연동,개,0
티트리,24cm,곤지암,개,0
티트리,24cm,대관령,개,0
티트리,24cm,평창,개,0
티트리,30cm,서울,개,4
티트리,30cm,10동,개,0
티트리,30cm,자스민,개,0
티트리,30cm,9연동,개,0
티트리,30cm,곤지암,개,0
티트리,30cm,대관령,개,0
티트리,30cm,평창,개,0
파인애플민트,10cm,서울,개,82
파인애플민트,10cm,10동,개,0
파인애플민트,10cm,자스민,개,0
파인애플민트,10cm,9연동,개,0
파인애플민트,10cm,곤지암,개,0
파인애플민트,10cm,대관령,개,0
파인애플민트,10cm,평창,개,0
파인애플민트,18cm,서울,개,65
파인애플민트,18cm,10동,개,0
파인애플민트,18cm,자스민,개,0
파인애플민트,18cm,9연동,개,0
파인애플민트,18cm,곤지암,개,0
파인애플민트,18cm,대관령,개,0
파인애플민트,18cm,평창,개,0
파인애플세이지,10cm,서울,개,0
파인애플세이지,10cm,10동,개,0
파인애플세이지,10cm,자스민,개,0
파인애플세이지,10cm,9연동,개,30
파인애플세이지,10cm,곤지암,개,0
파인애플세이지,10cm,대관령,개,0
파인애플세이지,10cm,평창,개,0
파인애플세이지,18cm,서울,개,9
파인애플세이지,18cm,10동,개,0
파인애플세이지,18cm,자스민,개,0
파인애플세이지,18cm,9연동,개,181
파인애플세이지,18cm,곤지암,개,0
파인애플세이지,18cm,대관령,개,0
파인애플세이지,18cm,평창,개,0
파인애플세이지,24cm,서울,개,19
파인애플세이지,24cm,10동,개,0
파인애플세이지,24cm,자스민,개,0
파인애플세이지,24cm,9연동,개,11
파인애플세이지,24cm,곤지암,개,0
파인애플세이지,24cm,대관령,개,0
파인애플세이지,24cm,평창,개,0
파인애플세이지,30cm,서울,개,5
파인애플세이지,30cm,10동,개,0
파인애플세이지,30cm,자스민,개,0
파인애플세이지,30cm,9연동,개,9
파인애플세이지,30cm,곤지암,개,0
파인애플세이지,30cm,대관령,개,0
파인애플세이지,30cm,평창,개,0
패랭이,10cm,서울,개,0
패랭이,10cm,10동,개,0
패랭이,10cm,자스민,개,0
패랭이,10cm,9연동,개,0
패랭이,10cm,곤지암,개,0
패랭이,10cm,대관령,개,-1124
패랭이,10cm,평창,개,0
패랭이,18cm,서울,개,1000
패랭이,18cm,10동,개,0
패랭이,18cm,자스민,개,0
패랭이,18cm,9연동,개,0
패랭이,18cm,곤지암,개,0
패랭이,18cm,대관령,개,0
패랭이,18cm,평창,개,0
팬지,10cm,서울,개,0
팬지,10cm,10동,개,0
팬지,10cm,자스민,개,0
팬지,10cm,9연동,개,0
팬지,10cm,곤지암,개,0
팬지,10cm,대관령,개,0
팬지,10cm,평창,개,0
팬지,15cm,서울,개,985
팬지,15cm,10동,개,0
팬지,15cm,자스민,개,0
팬지,15cm,9연동,개,0
팬지,15cm,곤지암,개,0
팬지,15cm,대관령,개,0
팬지,15cm,평창,개,0
페추니아,10cm,서울,개,0
페추니아,10cm,10동,개,0
페추니아,10cm,자스민,개,0
페추니아,10cm,9연동,개,0
페추니아,10cm,곤지암,개,0
페추니아,10cm,대관령,개,0
페추니아,10cm,평창,개,0
페퍼민트,10cm,서울,개,4941
페퍼민트,10cm,10동,개,0
페퍼민트,10cm,자스민,개,0
페퍼민트,10cm,9연동,개,0
페퍼민트,10cm,곤지암,개,0
페퍼민트,10cm,대관령,개,0
페퍼민트,10cm,평창,개,0
페퍼민트,18cm,서울,개,20
페퍼민트,18cm,10동,개,0
페퍼민트,18cm,자스민,개,0
페퍼민트,18cm,9연동,개,0
페퍼민트,18cm,곤지암,개,0
페퍼민트,18cm,대관령,개,0
페퍼민트,18cm,평창,개,0
페퍼민트제라늄,10cm,서울,개,0
페퍼민트제라늄,10cm,10동,개,0
페퍼민트제라늄,10cm,자스민,개,0
페퍼민트제라늄,10cm,9연동,개,0
페퍼민트제라늄,10cm,곤지암,개,0
페퍼민트제라늄,10cm,대관령,개,0
페퍼민트제라늄,10cm,평창,개,0
페퍼민트제라늄,18cm,서울,개,0
페퍼민트제라늄,18cm,10동,개,0
페퍼민트제라늄,18cm,자스민,개,0
페퍼민트제라늄,18cm,9연동,개,86
페퍼민트제라늄,18cm,곤지암,개,0
페퍼민트제라늄,18cm,대관령,개,0
페퍼민트제라늄,18cm,평창,개,0
페퍼민트제라늄,24cm,서울,개,1
페퍼민트제라늄,24cm,10동,개,0
페퍼민트제라늄,24cm,자스민,개,0
페퍼민트제라늄,24cm,9연동,개,0
페퍼민트제라늄,24cm,곤지암,개,0
페퍼민트제라늄,24cm,대관령,개,0
페퍼민트제라늄,24cm,평창,개,0
페퍼민트제라늄,30cm,서울,개,0
페퍼민트제라늄,30cm,10동,개,0
페퍼민트제라늄,30cm,자스민,개,0
페퍼민트제라늄,30cm,9연동,개,8
페퍼민트제라늄,30cm,곤지암,개,0
페퍼민트제라늄,30cm,대관령,개,0
페퍼민트제라늄,30cm,평창,개,0
프렌치라벤다,10cm,서울,개,0
프렌치라벤다,10cm,10동,개,0
프렌치라벤다,10cm,자스민,개,1402
프렌치라벤다,10cm,9연동,개,0
프렌치라벤다,10cm,곤지암,개,0
프렌치라벤다,10cm,대관령,개,0
프렌치라벤다,10cm,평창,개,0
프렌치라벤다,15cm,서울,개,25
프렌치라벤다,15cm,10동,개,463
프렌치라벤다,15cm,자스민,개,4948
프렌치라벤다,15cm,9연동,개,0
프렌치라벤다,15cm,곤지암,개,0
프렌치라벤다,15cm,대관령,개,0
프렌치라벤다,15cm,평창,개,0
프렌치라벤다,18cm,서울,개,137
프렌치라벤다,18cm,10동,개,513
프렌치라벤다,18cm,자스민,개,1362
프렌치라벤다,18cm,9연동,개,80
프렌치라벤다,18cm,곤지암,개,0
프렌치라벤다,18cm,대관령,개,0
프렌치라벤다,18cm,평창,개,0
프렌치라벤다,24cm,서울,개,-6
프렌치라벤다,24cm,10동,개,4224
프렌치라벤다,24cm,자스민,개,0
프렌치라벤다,24cm,9연동,개,0
프렌치라벤다,24cm,곤지암,개,0
프렌치라벤다,24cm,대관령,개,0
프렌치라벤다,24cm,평창,개,0
프렌치라벤다,30cm,서울,개,18
프렌치라벤다,30cm,10동,개,427
프렌치라벤다,30cm,자스민,개,0
프렌치라벤다,30cm,9연동,개,0
프렌치라벤다,30cm,곤지암,개,0
프렌치라벤다,30cm,대관령,개,0
프렌치라벤다,30cm,평창,개,0
프렌치라벤다(퍼플),10cm,서울,개,0
프렌치라벤다(퍼플),10cm,10동,개,0
프렌치라벤다(퍼플),10cm,자스민,개,0
프렌치라벤다(퍼플),10cm,9연동,개,0
프렌치라벤다(퍼플),10cm,곤지암,개,0
프렌치라벤다(퍼플),10cm,대관령,개,0
프렌치라벤다(퍼플),10cm,평창,개,0
프렌치라벤다(퍼플),15cm,서울,개,97
프렌치라벤다(퍼플),15cm,10동,개,29
프렌치라벤다(퍼플),15cm,자스민,개,1001
프렌치라벤다(퍼플),15cm,9연동,개,0
프렌치라벤다(퍼플),15cm,곤지암,개,0
프렌치라벤다(퍼플),15cm,대관령,개,0
프렌치라벤다(퍼플),15cm,평창,개,0
프렌치라벤다(퍼플),18cm,서울,개,15
프렌치라벤다(퍼플),18cm,10동,개,117
프렌치라벤다(퍼플),18cm,자스민,개,925
프렌치라벤다(퍼플),18cm,9연동,개,0
프렌치라벤다(퍼플),18cm,곤지암,개,0
프렌치라벤다(퍼플),18cm,대관령,개,0
프렌치라벤다(퍼플),18cm,평창,개,0
프렌치라벤다(퍼플),24cm,서울,개,156
프렌치라벤다(퍼플),24cm,10동,개,827
프렌치라벤다(퍼플),24cm,자스민,개,0
프렌치라벤다(퍼플),24cm,9연동,개,0
프렌치라벤다(퍼플),24cm,곤지암,개,0
프렌치라벤다(퍼플),24cm,대관령,개,0
프렌치라벤다(퍼플),24cm,평창,개,0
프렌치라벤다(퍼플),30cm,서울,개,5
프렌치라벤다(퍼플),30cm,10동,개,231
프렌치라벤다(퍼플),30cm,자스민,개,0
프렌치라벤다(퍼플),30cm,9연동,개,0
프렌치라벤다(퍼플),30cm,곤지암,개,0
프렌치라벤다(퍼플),30cm,대관령,개,0
프렌치라벤다(퍼플),30cm,평창,개,0
프렌치라벤다(핑크),10cm,서울,개,0
프렌치라벤다(핑크),10cm,10동,개,0
프렌치라벤다(핑크),10cm,자스민,개,76
프렌치라벤다(핑크),10cm,9연동,개,0
프렌치라벤다(핑크),10cm,곤지암,개,0
프렌치라벤다(핑크),10cm,대관령,개,0
프렌치라벤다(핑크),10cm,평창,개,0
프렌치라벤다(핑크),15cm,서울,개,1
프렌치라벤다(핑크),15cm,10동,개,263
프렌치라벤다(핑크),15cm,자스민,개,0
프렌치라벤다(핑크),15cm,9연동,개,0
프렌치라벤다(핑크),15cm,곤지암,개,0
프렌치라벤다(핑크),15cm,대관령,개,0
프렌치라벤다(핑크),15cm,평창,개,0
프렌치라벤다(핑크),18cm,서울,개,121
프렌치라벤다(핑크),18cm,10동,개,297
프렌치라벤다(핑크),18cm,자스민,개,70
프렌치라벤다(핑크),18cm,9연동,개,0
프렌치라벤다(핑크),18cm,곤지암,개,0
프렌치라벤다(핑크),18cm,대관령,개,0
프렌치라벤다(핑크),18cm,평창,개,0
프렌치라벤다(핑크),24cm,서울,개,55
프렌치라벤다(핑크),24cm,10동,개,961
프렌치라벤다(핑크),24cm,자스민,개,0
프렌치라벤다(핑크),24cm,9연동,개,0
프렌치라벤다(핑크),24cm,곤지암,개,0
프렌치라벤다(핑크),24cm,대관령,개,0
프렌치라벤다(핑크),24cm,평창,개,0
프렌치라벤다(핑크),30cm,서울,개,7
프렌치라벤다(핑크),30cm,10동,개,169
프렌치라벤다(핑크),30cm,자스민,개,0
프렌치라벤다(핑크),30cm,9연동,개,0
프렌치라벤다(핑크),30cm,곤지암,개,0
프렌치라벤다(핑크),30cm,대관령,개,0
프렌치라벤다(핑크),30cm,평창,개,0
프렌치라벤다(화이트),10cm,서울,개,0
프렌치라벤다(화이트),10cm,10동,개,0
프렌치라벤다(화이트),10cm,자스민,개,0
프렌치라벤다(화이트),10cm,9연동,개,0
프렌치라벤다(화이트),10cm,곤지암,개,0
프렌치라벤다(화이트),10cm,대관령,개,0
프렌치라벤다(화이트),10cm,평창,개,0
프렌치라벤다(화이트),15cm,서울,개,83
프렌치라벤다(화이트),15cm,10동,개,46
프렌치라벤다(화이트),15cm,자스민,개,346
프렌치라벤다(화이트),15cm,9연동,개,0
프렌치라벤다(화이트),15cm,곤지암,개,0
프렌치라벤다(화이트),15cm,대관령,개,0
프렌치라벤다(화이트),15cm,평창,개,0
프렌치라벤다(화이트),18cm,서울,개,75
프렌치라벤다(화이트),18cm,10동,개,144
프렌치라벤다(화이트),18cm,자스민,개,1890
프렌치라벤다(화이트),18cm,9연동,개,0
프렌치라벤다(화이트),18cm,곤지암,개,0
프렌치라벤다(화이트),18cm,대관령,개,0
프렌치라벤다(화이트),18cm,평창,개,0
프렌치라벤다(화이트),24cm,서울,개,127
프렌치라벤다(화이트),24cm,10동,개,1938
프렌치라벤다(화이트),24cm,자스민,개,0
프렌치라벤다(화이트),24cm,9연동,개,0
프렌치라벤다(화이트),24cm,곤지암,개,0
프렌치라벤다(화이트),24cm,대관령,개,0
프렌치라벤다(화이트),24cm,평창,개,0
프렌치라벤다(화이트),30cm,서울,개,12
프렌치라벤다(화이트),30cm,10동,개,211
프렌치라벤다(화이트),30cm,자스민,개,0
프렌치라벤다(화이트),30cm,9연동,개,0
프렌치라벤다(화이트),30cm,곤지암,개,0
프렌치라벤다(화이트),30cm,대관령,개,0
프렌치라벤다(화이트),30cm,평창,개,0
프린지드라벤다,10cm,서울,개,0
프린지드라벤다,10cm,10동,개,0
프린지드라벤다,10cm,자스민,개,0
프린지드라벤다,10cm,9연동,개,40
프린지드라벤다,10cm,곤지암,개,0
프린지드라벤다,10cm,대관령,개,20
프린지드라벤다,10cm,평창,개,0
프린지드라벤다,18cm,서울,개,19
프린지드라벤다,18cm,10동,개,0
프린지드라벤다,18cm,자스민,개,0
프린지드라벤다,18cm,9연동,개,310
프린지드라벤다,18cm,곤지암,개,0
프린지드라벤다,18cm,대관령,개,0
프린지드라벤다,18cm,평창,개,0
프린지드라벤다,24cm,서울,개,24
프린지드라벤다,24cm,10동,개,0
프린지드라벤다,24cm,자스민,개,0
프린지드라벤다,24cm,9연동,개,0
프린지드라벤다,24cm,곤지암,개,0
프린지드라벤다,24cm,대관령,개,0
프린지드라벤다,24cm,평창,개,0
플렉트란서스(모나라벤다),10cm,서울,개,0
플렉트란서스(모나라벤다),10cm,10동,개,0
플렉트란서스(모나라벤다),10cm,자스민,개,0
플렉트란서스(모나라벤다),10cm,9연동,개,60
플렉트란서스(모나라벤다),10cm,곤지암,개,0
플렉트란서스(모나라벤다),10cm,대관령,개,0
플렉트란서스(모나라벤다),10cm,평창,개,0
플렉트란서스(모나라벤다),18cm,서울,개,5
플렉트란서스(모나라벤다),18cm,10동,개,0
플렉트란서스(모나라벤다),18cm,자스민,개,0
플렉트란서스(모나라벤다),18cm,9연동,개,180
플렉트란서스(모나라벤다),18cm,곤지암,개,0
플렉트란서스(모나라벤다),18cm,대관령,개,0
플렉트란서스(모나라벤다),18cm,평창,개,0
플렉트란서스(모나라벤다),24cm,서울,개,15
플렉트란서스(모나라벤다),24cm,10동,개,0
플렉트란서스(모나라벤다),24cm,자스민,개,0
플렉트란서스(모나라벤다),24cm,9연동,개,60
플렉트란서스(모나라벤다),24cm,곤지암,개,0
플렉트란서스(모나라벤다),24cm,대관령,개,0
플렉트란서스(모나라벤다),24cm,평창,개,0
플렉트란서스(모나라벤다),30cm,서울,개,0
플렉트란서스(모나라벤다),30cm,10동,개,0
플렉트란서스(모나라벤다),30cm,자스민,개,0
플렉트란서스(모나라벤다),30cm,9연동,개,16
플렉트란서스(모나라벤다),30cm,곤지암,개,0
플렉트란서스(모나라벤다),30cm,대관령,개,0
플렉트란서스(모나라벤다),30cm,평창,개,0
핑거볼제라늄,10cm,서울,개,0
핑거볼제라늄,10cm,10동,개,0
핑거볼제라늄,10cm,자스민,개,0
핑거볼제라늄,10cm,9연동,개,0
핑거볼제라늄,10cm,곤지암,개,0
핑거볼제라늄,10cm,대관령,개,0
핑거볼제라늄,10cm,평창,개,0
핑거볼제라늄,18cm,서울,개,58
핑거볼제라늄,18cm,10동,개,0
핑거볼제라늄,18cm,자스민,개,0
핑거볼제라늄,18cm,9연동,개,357
핑거볼제라늄,18cm,곤지암,개,0
핑거볼제라늄,18cm,대관령,개,0
핑거볼제라늄,18cm,평창,개,0
핑거볼제라늄,24cm,서울,개,46
핑거볼제라늄,24cm,10동,개,0
핑거볼제라늄,24cm,자스민,개,0
핑거볼제라늄,24cm,9연동,개,41
핑거볼제라늄,24cm,곤지암,개,0
핑거볼제라늄,24cm,대관령,개,0
핑거볼제라늄,24cm,평창,개,0
핑거볼제라늄,30cm,서울,개,2
핑거볼제라늄,30cm,10동,개,0
핑거볼제라늄,30cm,자스민,개,0
핑거볼제라늄,30cm,9연동,개,0
핑거볼제라늄,30cm,곤지암,개,0
핑거볼제라늄,30cm,대관령,개,0
핑거볼제라늄,30cm,평창,개,0
핑크세이지,10cm,서울,개,0
핑크세이지,10cm,10동,개,0
핑크세이지,10cm,자스민,개,0
핑크세이지,10cm,9연동,개,0
핑크세이지,10cm,곤지암,개,0
핑크세이지,10cm,대관령,개,0
핑크세이지,10cm,평창,개,0
핑크세이지,18cm,서울,개,0
핑크세이지,18cm,10동,개,584
핑크세이지,18cm,자스민,개,0
핑크세이지,18cm,9연동,개,34
핑크세이지,18cm,곤지암,개,0
핑크세이지,18cm,대관령,개,0
핑크세이지,18cm,평창,개,0
핑크세이지,24cm,서울,개,0
핑크세이지,24cm,10동,개,191
핑크세이지,24cm,자스민,개,0
핑크세이지,24cm,9연동,개,0
핑크세이지,24cm,곤지암,개,0
핑크세이지,24cm,대관령,개,0
핑크세이지,24cm,평창,개,0
학자스민,10cm,서울,개,0
학자스민,10cm,10동,개,0
학자스민,10cm,자스민,개,0
학자스민,10cm,9연동,개,0
학자스민,10cm,곤지암,개,0
학자스민,10cm,대관령,개,0
학자스민,10cm,평창,개,0
학자스민,18cm,서울,개,940
학자스민,18cm,10동,개,-78
학자스민,18cm,자스민,개,0
학자스민,18cm,9연동,개,0
학자스민,18cm,곤지암,개,0
학자스민,18cm,대관령,개,0
학자스민,18cm,평창,개,0
학자스민,21cm,서울,개,632
학자스민,21cm,10동,개,743
학자스민,21cm,자스민,개,0
학자스민,21cm,9연동,개,0
학자스민,21cm,곤지암,개,0
학자스민,21cm,대관령,개,0
학자스민,21cm,평창,개,0
학자스민,24cm,서울,개,534
학자스민,24cm,10동,개,1133
학자스민,24cm,자스민,개,0
학자스민,24cm,9연동,개,0
학자스민,24cm,곤지암,개,0
학자스민,24cm,대관령,개,0
학자스민,24cm,평창,개,0
핫립세이지,10cm,서울,개,0
핫립세이지,10cm,10동,개,0
핫립세이지,10cm,자스민,개,0
핫립세이지,10cm,9연동,개,0
핫립세이지,10cm,곤지암,개,0
핫립세이지,10cm,대관령,개,0
핫립세이지,10cm,평창,개,0
핫립세이지,18cm,서울,개,85
핫립세이지,18cm,10동,개,2621
핫립세이지,18cm,자스민,개,0
핫립세이지,18cm,9연동,개,0
핫립세이지,18cm,곤지암,개,0
핫립세이지,18cm,대관령,개,0
핫립세이지,18cm,평창,개,0
핫립세이지,24cm,서울,개,44
핫립세이지,24cm,10동,개,291
핫립세이지,24cm,자스민,개,0
핫립세이지,24cm,9연동,개,0
핫립세이지,24cm,곤지암,개,0
핫립세이지,24cm,대관령,개,0
핫립세이지,24cm,평창,개,0
핫립세이지,30cm,서울,개,4
핫립세이지,30cm,10동,개,241
핫립세이지,30cm,자스민,개,0
핫립세이지,30cm,9연동,개,0
핫립세이지,30cm,곤지암,개,0
핫립세이지,30cm,대관령,개,0
핫립세이지,30cm,평창,개,0
핫립세이지,특대,서울,개,0
핫립세이지,특대,10동,개,0
핫립세이지,특대,자스민,개,0
핫립세이지,특대,9연동,개,0
핫립세이지,특대,곤지암,개,0
핫립세이지,특대,대관령,개,0
핫립세이지,특대,평창,개,0
허하운드,10cm,서울,개,59
허하운드,10cm,10동,개,0
허하운드,10cm,자스민,개,0
허하운드,10cm,9연동,개,0
허하운드,10cm,곤지암,개,0
허하운드,10cm,대관령,개,0
허하운드,10cm,평창,개,0
헬리오트로프,10cm,서울,개,0
헬리오트로프,10cm,10동,개,0
헬리오트로프,10cm,자스민,개,0
헬리오트로프,10cm,9연동,개,200
헬리오트로프,10cm,곤지암,개,0
헬리오트로프,10cm,대관령,개,0
헬리오트로프,10cm,평창,개,0
헬리오트로프,18cm,서울,개,82
헬리오트로프,18cm,10동,개,0
헬리오트로프,18cm,자스민,개,0
헬리오트로프,18cm,9연동,개,900
헬리오트로프,18cm,곤지암,개,0
헬리오트로프,18cm,대관령,개,0
헬리오트로프,18cm,평창,개,0
헬리오트로프,24cm,서울,개,16
헬리오트로프,24cm,10동,개,0
헬리오트로프,24cm,자스민,개,0
헬리오트로프,24cm,9연동,개,8
헬리오트로프,24cm,곤지암,개,0
헬리오트로프,24cm,대관령,개,0
헬리오트로프,24cm,평창,개,0
홀리호크,10cm,서울,개,87
홀리호크,10cm,10동,개,0
홀리호크,10cm,자스민,개,0
홀리호크,10cm,9연동,개,0
홀리호크,10cm,곤지암,개,0
홀리호크,10cm,대관령,개,0
홀리호크,10cm,평창,개,0
황금라벤다,15cm,서울,개,0
황금라벤다,15cm,10동,개,0
황금라벤다,15cm,자스민,개,0
황금라벤다,15cm,9연동,개,0
황금라벤다,15cm,곤지암,개,0
황금라벤다,15cm,대관령,개,0
황금라벤다,15cm,평창,개,0
황금라벤다,18cm,서울,개,0
황금라벤다,18cm,10동,개,0
황금라벤다,18cm,자스민,개,0
황금라벤다,18cm,9연동,개,0
황금라벤다,18cm,곤지암,개,0
황금라벤다,18cm,대관령,개,0
황금라벤다,18cm,평창,개,0
황금라벤다,24cm,서울,개,15
황금라벤다,24cm,10동,개,301
황금라벤다,24cm,자스민,개,0
황금라벤다,24cm,9연동,개,0
황금라벤다,24cm,곤지암,개,0
황금라벤다,24cm,대관령,개,0
황금라벤다,24cm,평창,개,0
황금라벤다,30cm,서울,개,5
황금라벤다,30cm,10동,개,86
황금라벤다,30cm,자스민,개,0
황금라벤다,30cm,9연동,개,0
황금라벤다,30cm,곤지암,개,0
황금라벤다,30cm,대관령,개,0
황금라벤다,30cm,평창,개,0
황금로즈마리,10cm,서울,개,0
황금로즈마리,10cm,10동,개,0
황금로즈마리,10cm,자스민,개,0
황금로즈마리,10cm,9연동,개,0
황금로즈마리,10cm,곤지암,개,0
황금로즈마리,10cm,대관령,개,0
황금로즈마리,10cm,평창,개,0
황금로즈마리,18cm,서울,개,166
황금로즈마리,18cm,10동,개,0
황금로즈마리,18cm,자스민,개,0
황금로즈마리,18cm,9연동,개,0
황금로즈마리,18cm,곤지암,개,2028
황금로즈마리,18cm,대관령,개,0
황금로즈마리,18cm,평창,개,0
황금로즈마리,24cm,서울,개,10
황금로즈마리,24cm,10동,개,0
황금로즈마리,24cm,자스민,개,0
황금로즈마리,24cm,9연동,개,0
황금로즈마리,24cm,곤지암,개,134
황금로즈마리,24cm,대관령,개,0
황금로즈마리,24cm,평창,개,0
황금로즈마리,30cm,서울,개,13
황금로즈마리,30cm,10동,개,0
황금로즈마리,30cm,자스민,개,0
황금로즈마리,30cm,9연동,개,0
황금로즈마리,30cm,곤지암,개,44
황금로즈마리,30cm,대관령,개,0
황금로즈마리,30cm,평창,개,0
휀넬,10cm,서울,개,412
휀넬,10cm,10동,개,0
휀넬,10cm,자스민,개,0
휀넬,10cm,9연동,개,0
휀넬,10cm,곤지암,개,0
휀넬,10cm,대관령,개,0
휀넬,10cm,평창,개,0
휀넬,18cm,서울,개,-1
휀넬,18cm,10동,개,0
휀넬,18cm,자스민,개,0
휀넬,18cm,9연동,개,0
휀넬,18cm,곤지암,개,0
휀넬,18cm,대관령,개,0
휀넬,18cm,평창,개,0
휀넬브론즈,10cm,서울,개,370
휀넬브론즈,10cm,10동,개,0
휀넬브론즈,10cm,자스민,개,0
휀넬브론즈,10cm,9연동,개,0
휀넬브론즈,10cm,곤지암,개,0
휀넬브론즈,10cm,대관령,개,0
휀넬브론즈,10cm,평창,개,0
휀넬브론즈,18cm,서울,개,-10
휀넬브론즈,18cm,10동,개,0
휀넬브론즈,18cm,자스민,개,0
휀넬브론즈,18cm,9연동,개,0
휀넬브론즈,18cm,곤지암,개,0
휀넬브론즈,18cm,대관령,개,0
휀넬브론즈,18cm,평창,개,0
휘버휴,10cm,서울,개,18
휘버휴,10cm,10동,개,0
휘버휴,10cm,자스민,개,0
휘버휴,10cm,9연동,개,0
휘버휴,10cm,곤지암,개,0
휘버휴,10cm,대관령,개,0
휘버휴,10cm,평창,개,0
흰꽃자스민,18cm,서울,개,0
흰꽃자스민,18cm,10동,개,0
흰꽃자스민,18cm,자스민,개,0
흰꽃자스민,18cm,9연동,개,51
흰꽃자스민,18cm,곤지암,개,0
흰꽃자스민,18cm,대관령,개,0
흰꽃자스민,18cm,평창,개,0
흰꽃자스민,24cm,서울,개,0
흰꽃자스민,24cm,10동,개,0
흰꽃자스민,24cm,자스민,개,0
흰꽃자스민,24cm,9연동,개,0
흰꽃자스민,24cm,곤지암,개,0
흰꽃자스민,24cm,대관령,개,0
흰꽃자스민,24cm,평창,개,0
흰꽃자스민,30cm,서울,개,5
흰꽃자스민,30cm,10동,개,0
흰꽃자스민,30cm,자스민,개,0
흰꽃자스민,30cm,9연동,개,0
흰꽃자스민,30cm,곤지암,개,0
흰꽃자스민,30cm,대관령,개,0
흰꽃자스민,30cm,평창,개,0
